﻿<?xml version="1.0" encoding="utf-8"?>
<!--
*****************************************************
*                                                   *
*   Copyright (C) Microsoft. All rights reserved.   *
*                                                   *
*****************************************************
-->
<application xmlns="http://wadl.dev.java.net/2009/02" xmlns:siena="http://schemas.microsoft.com/MicrosoftProjectSiena/WADL/2014/11" xmlns:xs="http://www.w3.org/2001/XMLSchema" xmlns:xh="http://www.w3.org/1999/xhtml" xmlns:btrans="http://schemas.datacontract.org/2004/07/Microsoft.MT.Web.Service.V2" siena:serviceId="BingTranslator" siena:author="ProjectSiena">
  <grammars>
    <siena:sampleXmlTypes targetNamespace="http://schemas.datacontract.org/2004/07/Microsoft.MT.Web.Service.V2">
      <siena:sampleElement name="GetTranslationsResponseElement">
        <GetTranslationsResponse xmlns="http://schemas.datacontract.org/2004/07/Microsoft.MT.Web.Service.V2">
          <From>es</From>
          <Translations>
            <TranslationMatch>
              <Count>0</Count>
              <MatchDegree>100</MatchDegree>
              <MatchedOriginalText />
              <Rating>5</Rating>
              <TranslatedText>an important contribution to the profitability of the company</TranslatedText>
            </TranslationMatch>
            <TranslationMatch>
              <Count>7</Count>
              <MatchDegree>100</MatchDegree>
              <MatchedOriginalText>una importante contribución a la rentabilidad de la empresa</MatchedOriginalText>
              <Rating>1</Rating>
              <TranslatedText>an important contribution to the company profitability</TranslatedText>
            </TranslationMatch>
          </Translations>
        </GetTranslationsResponse>
      </siena:sampleElement>
      <siena:sampleElement name="TranslationMatchElement">
        <TranslationMatch xmlns="http://schemas.datacontract.org/2004/07/Microsoft.MT.Web.Service.V2">
          <Count>0</Count>
          <MatchDegree>100</MatchDegree>
          <MatchedOriginalText />
          <Rating>5</Rating>
          <TranslatedText>an important contribution to the profitability of the company</TranslatedText>
        </TranslationMatch>
      </siena:sampleElement>
    </siena:sampleXmlTypes>
  </grammars>
  <resources base="http://api.microsofttranslator.com/v2/Http.svc/" siena:authenticationProviderHref="#dataMarketAuth">
    <resource path="BreakSentences">
      <method name="GET" id="BreakSentences" siena:requiresAuthentication="true">
        <doc siena:displayName="BreakSentences" title="Number of characters per sentence in a piece of text. For example, to see the number of characters per sentence in &quot;My name is Bill. This is another sentence.&quot; use:&#xA;BingTranslator!BreakSentences(&quot;My name is Bill. This is another sentence.&quot;)">
          Please click <xh:a href="http://msdn.microsoft.com/en-us/library/ff512410.aspx">here</xh:a> for the additional documentation.
        </doc>
        <doc xml:lang="de-de" title="Anzahl der Zeichen pro Satz in einem Textabschnitt. Um z. B. die Anzahl der Zeichen pro Satz in &quot;Ich heiße Bill. Dies ist ein neuer Satz.&quot; anzuzeigen, verwenden Sie: &#xD;&#xA;BingTranslator!SätzeAufteilen(&quot;Ich heiße Bill. Dies ist ein neuer Satz.&quot;)" siena:displayName="SätzeAufteilen" />
        <doc xml:lang="es-es" title="Número de caracteres por oración en un fragmento de texto. Por ejemplo, para ver el número de caracteres por oración en &quot;Mi nombre es Juan. Esta es otra oración.&quot;, use:&#xD;&#xA;BingTranslator!DividirOraciones(&quot;Mi nombre es Juan. Esta es otra oración.&quot;)" siena:displayName="DividirOraciones" />
        <doc xml:lang="fr-fr" title="Nombre de caractères par phrase dans un texte. Par exemple, pour afficher le nombre de caractères par phrase dans &quot;My name is Bill. This is another sentence.&quot;, utiliser :&#xA;BingTranslator!DécouperEnPhrases(&quot;My name is Bill. This is another sentence.&quot;)" siena:displayName="DécouperEnPhrases" />
        <doc xml:lang="it-it" title="Visualizza il numero di caratteri in ogni frase di un testo. Ad esempio, per visualizzare il numero di caratteri in ogni frase in &quot;Mi chiamo Mario. Questa è un'altra frase.&quot;, usare:&#xD;&#xA;BingTranslator!DividiFrasi(&quot;Mi chiamo Mario. Questa è un'altra frase.&quot;)" siena:displayName="DividiFrasi" />
        <doc xml:lang="ja-jp" title="テキスト内の 1 文あたりの文字数。たとえば、&quot;My name is Bill. This is another sentence.&quot; の 1 文あたりの文字数を表示する場合は次を使用します:&#xA;BingTranslator!BreakSentences(&quot;My name is Bill. This is another sentence.&quot;)" siena:displayName="BreakSentences" />
        <doc xml:lang="ko-kr" title="텍스트 하나의 문장당 문자 수입니다. 예를 들어 &quot;My name is Bill. This is another sentence.&quot;에서 문장당 글자 수를 보려면 다음을 사용합니다.&#xA;BingTranslator!문장분리(&quot;My name is Bill. This is another sentence.&quot;)" siena:displayName="BreakSentences" />
        <doc xml:lang="pt-br" title="Número de caracteres por frase em um fragmento de texto. Por exemplo, para ver o número de caracteres por frase em &quot;Meu nome é Bill. Esta é outra frase.&quot;, use:&#xA;BingTranslator!QuebrarFrases(&quot;Meu nome é Bill. Esta é outra frase.&quot;)" siena:displayName="QuebrarFrases" />
        <doc xml:lang="ru-ru" title="Количество символов в предложении отрывка текста. Например, для просмотра количества символов в предложении &quot;Меня зовут Билл. Это другое предложение.&quot; используйте следующее:&#xA;BingTranslator!РазбивкаПредложений(&quot;Меня зовут Билл. Это другое предложение.&quot;)" siena:displayName="РазбивкаПредложений" />
        <doc xml:lang="zh-cn" title="一段文本中每个句子的字符数。例如，若要查看“My name is Bill. This is another sentence.”中每个句子的字符数，请使用:&#xA;BingTranslator!断句(&quot;My name is Bill. This is another sentence.&quot;)" siena:displayName="BreakSentences" />
        <doc xml:lang="zh-tw" title="文字片段中每個句子的字元數。例如，若要查看 &quot;My name is Bill. This is another sentence.&quot; 中每個句子的字元數，請使用:&#xA;BingTranslator!句子換行(&quot;My name is Bill. This is another sentence.&quot;)" siena:displayName="BreakSentences" />
        <request>
          <param name="text" style="query" required="true" siena:sampleDefault="My name is Bill. This is another sentence.">
            <doc title="The text to split into sentences. The size of the text must not exceed 10000 characters." />
            <doc xml:lang="de-de" title="Der in Sätze aufzuteilende Test. Der Text darf maximal 10.000 Zeichen lang sein." />
            <doc xml:lang="es-es" title="Texto para dividir en oraciones. El tamaño del texto no debe exceder los 10.000 caracteres." />
            <doc xml:lang="fr-fr" title="Texte à découper en phrases. La taille du texte ne doit pas dépasser 10 000 caractères." />
            <doc xml:lang="it-it" title="Testo da dividere in frasi. La lunghezza non deve superare i 10000 caratteri." />
            <doc xml:lang="ja-jp" title="文に分割するテキスト。テキストの文字数は 10000 文字以下でなければなりません。" />
            <doc xml:lang="ko-kr" title="문장으로 분할할 텍스트입니다. 텍스트 크기가 10,000자를 넘어서는 안 됩니다." />
            <doc xml:lang="pt-br" title="O texto a ser dividido em frases. O tamanho do texto não deve exceder 10.000 caracteres." />
            <doc xml:lang="ru-ru" title="Текст, разделяемый на предложения. Размер текста недолжен превышать 10 000 символов." />
            <doc xml:lang="zh-cn" title="要拆分为各个句子的文本。文本大小不得超出 10000 个字符。" />
            <doc xml:lang="zh-tw" title="要分成多句的文字。文字大小不得超過 10000 個字元。" />
          </param>
          <param name="language" style="query" required="true" siena:sampleDefault="en">
            <doc title="The language code of input text." />
            <doc xml:lang="de-de" title="Der Sprachencode des Eingabetextes." />
            <doc xml:lang="es-es" title="Código de idioma del texto de entrada." />
            <doc xml:lang="fr-fr" title="Code de langue du texte d'entrée." />
            <doc xml:lang="it-it" title="Codice della lingua del testo di input." />
            <doc xml:lang="ja-jp" title="入力テキストの言語コード。" />
            <doc xml:lang="ko-kr" title="입력 텍스트의 언어 코드입니다." />
            <doc xml:lang="pt-br" title="O código de idioma do texto de entrada." />
            <doc xml:lang="ru-ru" title="Код языка вводимого текста." />
            <doc xml:lang="zh-cn" title="输入文本的语言代码。" />
            <doc xml:lang="zh-tw" title="輸入文字的語言碼。" />
            <option value="ar" />
            <option value="ca" />
            <option value="zh-CHS" />
            <option value="zh-CHT" />
            <option value="nl" />
            <option value="en" />
            <option value="fi" />
            <option value="fr" />
            <option value="de" />
            <option value="he" />
            <option value="hi" />
            <option value="it" />
            <option value="ja" />
            <option value="ko" />
            <option value="pt" />
            <option value="ru" />
            <option value="es" />
          </param>
        </request>
        <response siena:resultForm="single">
          <representation mediaType="application/xml">
            <param style="plain" name="result" type="xs:int" path="/ArrayOfint/int/text()[1]" siena:selectAllNodes="true" />
          </representation>
        </response>
      </method>
    </resource>
    <resource path="Detect">
      <method name="GET" id="Detect" siena:requiresAuthentication="true">
        <doc siena:displayName="Detect" title="Detect the language of a piece of text using Bing Translator. For example, to detect the language of &quot;software&quot;, use:&#xA;BingTranslator!Detect(&quot;software&quot;)">
          Please click <xh:a href="http://msdn.microsoft.com/en-us/library/ff512411.aspx">here</xh:a> for the additional documentation.
        </doc>
        <doc xml:lang="de-de" title="Sie können die Sprache eines Textes mit Bing Translator erkennen lassen. Um die Sprache von &quot;software&quot; zu erkennen, geben Sie ein:&#xD;&#xA;BingTranslator!Erkennen(&quot;software&quot;)" siena:displayName="Erkennen" />
        <doc xml:lang="es-es" title="Detectar el idioma de un fragmento de texto con Traductor de Bing. Por ejemplo, para detectar el idioma de &quot;software&quot;, use:&#xD;&#xA;BingTranslator!Detectar(&quot;software&quot;)" siena:displayName="Detectar" />
        <doc xml:lang="fr-fr" title="Détecter la langue d'une portion de texte à l'aide de Bing Traduction. Par exemple, pour détecter la langue de &quot;software&quot;, utiliser :&#xA;BingTranslator!Détecter(&quot;software&quot;)" siena:displayName="Détecter" />
        <doc xml:lang="it-it" title="Rileva la lingua di un testo con Bing Translator. Ad esempio, per rilevare la lingua della parola &quot;software&quot;, usare:&#xD;&#xA;BingTranslator!Rileva(&quot;software&quot;)" siena:displayName="Rileva" />
        <doc xml:lang="ja-jp" title="Bing 翻訳ツールを使用したテキストの言語の検出。たとえば、&quot;software&quot; の言語を検出する場合は次を使用します:&#xA;BingTranslator!Detect(&quot;software&quot;)" siena:displayName="Detect" />
        <doc xml:lang="ko-kr" title="Bing 번역기를 사용하여 텍스트의 언어를 감지합니다. 예를 들어 &quot;software&quot;의 언어를 감지하려면 다음을 사용합니다.&#xA;BingTranslator!검색(&quot;software&quot;)" siena:displayName="Detect" />
        <doc xml:lang="pt-br" title="Detectar o idioma de um fragmento de texto usando o Bing Translator. Por exemplo, para detectar o idioma de &quot;software&quot;, use:&#xA;BingTranslator!Detectar(&quot;software&quot;)" siena:displayName="Detectar" />
        <doc xml:lang="ru-ru" title="Определение языка отрывка текста с помощью переводчика Bing. Например, для определения языка словосочетания &quot;программное обеспечение&quot; используйте:&#xA;BingTranslator!Обнаружение(&quot;программное обеспечение&quot;)" siena:displayName="Обнаружение" />
        <doc xml:lang="zh-cn" title="使用必应 Bing 在线翻译检测一段文本的语言。例如，若要检测“software”的语言，请使用:&#xA;BingTranslator!检测(&quot;software&quot;)" siena:displayName="Detect" />
        <doc xml:lang="zh-tw" title="使用 Bing 翻譯偵測文字片段的語言。例如，若要偵測 &quot;software&quot; 的語言，請使用:&#xA;BingTranslator!偵測(&quot;software&quot;)" siena:displayName="Detect" />
        <request>
          <param name="text" style="query" required="true" siena:sampleDefault="software">
            <doc title="The text whose language is to be identified. The size of the text must not exceed 10000 characters." />
            <doc xml:lang="de-de" title="Der Text, dessen Sprache erkannt werden soll. Der Text darf maximal 10.000 Zeichen lang sein." />
            <doc xml:lang="es-es" title="Texto cuyo idioma se va a identificar. El tamaño del texto no debe exceder los 10.000 caracteres." />
            <doc xml:lang="fr-fr" title="Texte dont la langue doit être identifiée. La taille du texte ne doit pas dépasser 10 000 caractères." />
            <doc xml:lang="it-it" title="Il testo di cui identificare la lingua. La lunghezza non deve superare i 10000 caratteri." />
            <doc xml:lang="ja-jp" title="言語を特定するテキスト。テキストの文字数は 10000 文字以下でなければなりません。" />
            <doc xml:lang="ko-kr" title="식별할 언어의 텍스트입니다. 텍스트 크기가 10,000자를 넘어서는 안 됩니다." />
            <doc xml:lang="pt-br" title="O texto cujo idioma deve ser identificado. O tamanho do texto não deve exceder 10.000 caracteres." />
            <doc xml:lang="ru-ru" title="Текст, язык которого нужно определить. Размер текста не должен превышать 10 000 символов." />
            <doc xml:lang="zh-cn" title="要标识其语言的文本。文本大小不得超出 10000 个字符。" />
            <doc xml:lang="zh-tw" title="要識別其語言之文字。文字的大小不得超過 10000 個字元。" />
          </param>
        </request>
        <response siena:resultForm="single">
          <representation mediaType="application/xml">
            <param style="plain" name="result" path="/string[1]/text()[1]" />
          </representation>
        </response>
      </method>
    </resource>
    <resource path="GetLanguagesForSpeak">
      <method name="Get" id="SpeakLanguages" siena:requiresAuthentication="true">
        <doc siena:displayName="SpeakLanguages" title="List of the languages supported by Bing Translator for the Speak function. For example, use:&#xA;BingTranlator!SpeakLanguages()">
          Please click <xh:a href="http://msdn.microsoft.com/en-us/library/ff512415.aspx">here</xh:a> for the additional documentation.
        </doc>
        <doc xml:lang="de-de" title="Sie können die von Bing Translator für die Sprechfunktion unterstützten Sprachen in einer Liste anzeigen. Geben Sie hierzu beispielsweise ein:&#xD;&#xA;BingTranslator!GesprocheneSprachen()" siena:displayName="GesprocheneSprachen" />
        <doc xml:lang="es-es" title="Lista de los idiomas admitidos por Traductor de Bing para la función Hablar. Por ejemplo, use:&#xD;&#xA;BingTranlator!HablarIdiomas()" siena:displayName="HablarIdiomas" />
        <doc xml:lang="fr-fr" title="Liste des langues prises en charge par Bing Traduction pour FonctionnalitéVocale. Par exemple, utiliser :&#xA;BingTranlator!LanguesParlées()" siena:displayName="LanguesParlées" />
        <doc xml:lang="it-it" title="Elenco delle lingue supportate da Bing Translator per la funzione di lettura. Ad esempio, usare:&#xD;&#xA;BingTranslator!LingueLettura()" siena:displayName="LingueLettura" />
        <doc xml:lang="ja-jp" title="Bing 翻訳ツールの読み上げ機能でサポートされる言語の一覧。たとえば、次を使用します:&#xA;BingTranlator!SpeakLanguages()" siena:displayName="SpeakLanguages" />
        <doc xml:lang="ko-kr" title="음성 기능에서 Bing 번역기가 지원하는 언어 목록입니다. 예를 들어 다음과 같이 사용합니다.&#xA;BingTranlator!언어읽어주기()" siena:displayName="SpeakLanguages" />
        <doc xml:lang="pt-br" title="Lista dos idiomas com suporte pelo Bing Translator para a função Fale. Por exemplo, use:&#xA;BingTranlator!IdiomasFalados()" siena:displayName="IdiomasFalados" />
        <doc xml:lang="ru-ru" title="Список языков, которые поддерживает переводчик Bing для голосовых функций. Например, используйте следующее:&#xA;BingTranlator!ЯзыкиРечи()" siena:displayName="ЯзыкиРечи" />
        <doc xml:lang="zh-cn" title="必应 Bing 在线翻译支持用于“朗读”功能的语言的列表。例如，使用:&#xA;BingTranlator!朗读语言()" siena:displayName="SpeakLanguages" />
        <doc xml:lang="zh-tw" title="Bing 翻譯支援「讀出」功能的語言清單。例如，可使用:&#xA;BingTranlator!口說語言()" siena:displayName="SpeakLanguages" />
        <response siena:resultForm="single">
          <representation mediaType="application/xml">
            <param style="plain" name="result" path="/ArrayOfstring/string/text()[1]" siena:selectAllNodes="true" />
          </representation>
        </response>
      </method>
    </resource>
    <resource path="GetLanguagesForTranslate">
      <method name="Get" id="TranslateLanguages" siena:requiresAuthentication="true">
        <doc siena:displayName="TranslateLanguages" title="List of the languages supported by Bing Translator for the Translate function. For example, use:&#xA;BingTranslator!TranslateLanguages()">
          Please click <xh:a href="http://msdn.microsoft.com/en-us/library/ff512416.aspx">here</xh:a> for the additional documentation.
        </doc>
        <doc xml:lang="de-de" title="Sie können die von Bing Translator für die Sprechfunktion unterstützten Sprachen in einer Liste anzeigen. Geben Sie hierzu beispielsweise ein:&#xD;&#xA;BingTranslator!Übersetzungssprachen()" siena:displayName="Übersetzungssprachen" />
        <doc xml:lang="es-es" title="Lista de los idiomas admitidos por Traductor de Bing para la función Traducir. Por ejemplo, use:&#xD;&#xA;BingTranslator!TraducirIdiomas()" siena:displayName="TraducirIdiomas" />
        <doc xml:lang="fr-fr" title="Liste des langues prises en charge par Bing Traduction pour la fonction Traduire. Par exemple, utiliser :&#xA;BingTranslator!LanguesDeTraduction()" siena:displayName="LanguesDeTraduction" />
        <doc xml:lang="it-it" title="Elenco delle lingue supportate da Bing Translator per la funzione di traduzione del testo. Ad esempio, usare:&#xD;&#xA;BingTranslator!LingueTraduzione()" siena:displayName="LingueTraduzione" />
        <doc xml:lang="ja-jp" title="Bing 翻訳ツールの翻訳機能でサポートされる言語の一覧。たとえば、次を使用します:&#xA;BingTranslator!TranslateLanguages()" siena:displayName="TranslateLanguages" />
        <doc xml:lang="ko-kr" title="번역 기능에서 Bing 번역기가 지원하는 언어 목록입니다. 예를 들어 다음과 같이 사용합니다.&#xA;BingTranslator!언어번역()" siena:displayName="TranslateLanguages" />
        <doc xml:lang="pt-br" title="Lista dos idiomas com suporte pelo Bing Translator para a função Translate. Por exemplo, use:&#xA;BingTranslator!TraduzirIdiomas()" siena:displayName="TraduzirIdiomas" />
        <doc xml:lang="ru-ru" title="Список языков, которые поддерживает переводчик Bing для голосовых функций. Например, используйте следующее:&#xA;BingTranslator!ЯзыкиПеревода()" siena:displayName="ЯзыкиПеревода" />
        <doc xml:lang="zh-cn" title="必应 Bing 在线翻译支持用于“翻译”功能的语言的列表。例如，使用:&#xA;BingTranslator!翻译语言()" siena:displayName="TranslateLanguages" />
        <doc xml:lang="zh-tw" title="Bing 翻譯支援「翻譯」功能的語言清單。例如，可使用:&#xA;BingTranslator!翻譯語言()" siena:displayName="TranslateLanguages" />
        <response siena:resultForm="single">
          <representation mediaType="application/xml">
            <param style="plain" name="result" path="/ArrayOfstring/string/text()[1]" siena:selectAllNodes="true" />
          </representation>
        </response>
      </method>
    </resource>
    <resource path="GetTranslations">
      <method name="POST" id="AllTranslations" siena:requiresAuthentication="true">
        <doc siena:displayName="AllTranslations" title="Multiple translations for a given piece of text. For example, to see up to five translations of &quot;una importante contribución a la rentabilidad de la empresa&quot; from spanish &quot;es&quot; to english &quot;en&quot;, use:&#xA;BingTranslator!AllTranslations(&quot;una importante contribución a la rentabilidad de la empresa&quot;, &quot;es&quot;, &quot;en&quot;, &quot;5&quot;)">
          Please click <xh:a href="http://msdn.microsoft.com/en-us/library/ff512417.aspx">here</xh:a> for the additional documentation.
        </doc>
        <doc xml:lang="de-de" title="Mehrere Übersetzungen für den gleichen Textabschnitt. Wenn Sie beispielsweise fünf Übersetzungen von &quot;una importante contribución a la rentabilidad de la empresa&quot; aus dem Spanischen (ES) ins Englische (EN) übersetzen möchten, verwenden Sie:&#xD;&#xA;BingTranslator!AlleÜbersetzungen(&quot;una importante contribución a la rentabilidad de la empresa&quot;, &quot;es&quot;, &quot;en&quot;, &quot;5&quot;)" siena:displayName="AlleÜbersetzungen" />
        <doc xml:lang="es-es" title="Varias traducciones para un fragmento de texto dado. Por ejemplo, para ver hasta cinco traducciones de &quot;una importante contribución a la rentabilidad de la empresa&quot; del español (&quot;es&quot;) al inglés (&quot;en&quot;), use:&#xD;&#xA;BingTranslator!TodasLasTraducciones(&quot;una importante contribución a la rentabilidad de la empresa&quot;, &quot;es&quot;, &quot;en&quot;, &quot;5&quot;)" siena:displayName="TodasLasTraducciones" />
        <doc xml:lang="fr-fr" title="Plusieurs traductions d'un texte donné. Par exemple, pour afficher jusqu'à cinq traductions de &quot;una importante contribución a la rentabilidad de la empresa&quot; de l'espagnol &quot;es&quot; vers l'anglais &quot;en&quot;, utiliser :&#xA;BingTranslator!ToutesLesTraductions(&quot;una importante contribución a la rentabilidad de la empresa&quot;, &quot;es&quot;, &quot;en&quot;, &quot;5&quot;)" siena:displayName="ToutesLesTraductions" />
        <doc xml:lang="it-it" title="Visualizza più traduzioni di un testo. Ad esempio, per visualizzare fino a cinque traduzioni di &quot;una importante contribución a la rentabilidad de la empresa&quot; dalla lingua spagnola &quot;es&quot; a quella inglese &quot;en&quot;, usare:&#xD;&#xA;BingTranslator!TutteLeTraduzioni(&quot;una importante contribución a la rentabilidad de la empresa&quot;, &quot;es&quot;, &quot;en&quot;, &quot;5&quot;)" siena:displayName="TutteLeTraduzioni" />
        <doc xml:lang="ja-jp" title="特定のテキストに対する複数の翻訳。たとえば、&quot;una importante contribución a la rentabilidad de la empresa&quot; のスペイン語 &quot;es&quot; から英語 &quot;en&quot; への翻訳を 5 件まで表示する場合は次を使用します:&#xA;BingTranslator!AllTranslations(&quot;una importante contribución a la rentabilidad de la empresa&quot;, &quot;es&quot;, &quot;en&quot;, &quot;5&quot;)" siena:displayName="AllTranslations" />
        <doc xml:lang="ko-kr" title="주어진 텍스트에 대한 여러 가지 번역입니다. 예를 들어 &quot;una importante contribución a la rentabilidad de la empresa&quot;의 번역을 스페인어 &quot;es&quot;부터 영어 &quot;en&quot;까지 최대 5개국어로 보려면 다음을 사용합니다.&#xA;BingTranslator!모든번역(&quot;una importante contribución a la rentabilidad de la empresa&quot;, &quot;es&quot;, &quot;en&quot;, &quot;5&quot;)" siena:displayName="AllTranslations" />
        <doc xml:lang="pt-br" title="Várias traduções para um determinado fragmento de texto. Por exemplo, para ver até cinco traduções de &quot;una importante contribución a la rentabilidad de la empresa&quot; do espanhol &quot;es&quot; para o inglês &quot;en&quot;, use:&#xA;BingTranslator!TodasTraduções(&quot;una importante contribución a la rentabilidad de la empresa&quot;, &quot;es&quot;, &quot;en&quot;, &quot;5&quot;)" siena:displayName="TodasTraduções" />
        <doc xml:lang="ru-ru" title="Несколько переводов указанного отрывка текста. Например, для просмотра до пяти вариантов перевода фразы &quot;una importante contribución a la rentabilidad de la empresa&quot; с испанского (es) на английский (en) используйте следующее:&#xA;BingTranslator!ВсеПереводы(&quot;una importante contribución a la rentabilidad de la empresa&quot;, &quot;es&quot;, &quot;en&quot;, &quot;5&quot;)" siena:displayName="ВсеПереводы" />
        <doc xml:lang="zh-cn" title="一段给定文本的多种翻译。例如，若要查看“una importante contribución a la rentabilidad de la empresa”从西班牙语“es”到英语“en”的最多五种翻译，请使用:&#xA;BingTranslator!所有翻译(&quot;una importante contribución a la rentabilidad de la empresa&quot;, &quot;es&quot;, &quot;en&quot;, &quot;5&quot;)" siena:displayName="AllTranslations" />
        <doc xml:lang="zh-tw" title="文字指定片段的多重翻譯。例如，若希望最多看到 5 種 &quot;una importante contribución a la rentabilidad de la empresa&quot; 從西班牙文 (&quot;es&quot;) 到英文 (&quot;en&quot;) 的翻譯，請使用:&#xA;BingTranslator!所有翻譯(&quot;una importante contribución a la rentabilidad de la empresa&quot;, &quot;es&quot;, &quot;en&quot;, &quot;5&quot;)" siena:displayName="AllTranslations" />
        <request>
          <param name="text" style="query" required="true" siena:sampleDefault="una importante contribución a la rentabilidad de la empresa">
            <doc title="The text to translate. The size of the text must not exceed 10000 characters." />
            <doc xml:lang="de-de" title="Der zu übersetzende Text. Die Text darf nicht länger als 10.000 Zeichen sein." />
            <doc xml:lang="es-es" title="Texto que se traduce. El tamaño del texto no puede exceder los 10.000 caracteres." />
            <doc xml:lang="fr-fr" title="Texte à traduire. La taille du texte ne doit pas dépasser 10 000 caractères." />
            <doc xml:lang="it-it" title="Il testo da tradurre. La lunghezza non deve superare i 10000 caratteri." />
            <doc xml:lang="ja-jp" title="翻訳するテキスト。テキストの文字数は 10000 文字以下でなければなりません。" />
            <doc xml:lang="ko-kr" title="번역할 텍스트입니다. 텍스트 크기가 10,000자를 넘어서는 안 됩니다." />
            <doc xml:lang="pt-br" title="O texto a ser traduzido. O tamanho do texto não deve exceder 10.000 caracteres." />
            <doc xml:lang="ru-ru" title="Текст для перевода. Размер текста не должен превышать 10 000 символов." />
            <doc xml:lang="zh-cn" title="要翻译的文本。文本大小不得超出 10000 个字符。" />
            <doc xml:lang="zh-tw" title="要翻譯的文字。文字大小不得超過 10000 個字元。" />
          </param>
          <param name="from" style="query" required="true" siena:sampleDefault="es">
            <doc title="The language code of translation text." />
            <doc xml:lang="de-de" title="Der Sprachcode des Übersetzungstexts." />
            <doc xml:lang="es-es" title="Código de idioma del texto de traducción." />
            <doc xml:lang="fr-fr" title="Code de langue du texte à traduire." />
            <doc xml:lang="it-it" title="Codice della lingua del testo della traduzione." />
            <doc xml:lang="ja-jp" title="翻訳テキストの言語コード。" />
            <doc xml:lang="ko-kr" title="번역 텍스트의 언어 코드입니다." />
            <doc xml:lang="pt-br" title="O código de idioma do texto da tradução." />
            <doc xml:lang="ru-ru" title="Код языка переводимого текста." />
            <doc xml:lang="zh-cn" title="翻译文本的语言代码。" />
            <doc xml:lang="zh-tw" title="翻譯文字的語言碼。" />
            <option value="ar" />
            <option value="ca" />
            <option value="zh-CHS" />
            <option value="zh-CHT" />
            <option value="nl" />
            <option value="en" />
            <option value="fi" />
            <option value="fr" />
            <option value="de" />
            <option value="he" />
            <option value="hi" />
            <option value="it" />
            <option value="ja" />
            <option value="ko" />
            <option value="pt" />
            <option value="ru" />
            <option value="es" />
          </param>
          <param name="to" style="query" required="true" siena:sampleDefault="en">
            <doc title="The language code to translate text to." />
            <doc xml:lang="de-de" title="Der Code der Sprache, in die der Text übersetzt werden soll." />
            <doc xml:lang="es-es" title="Código de idioma al que se va a traducir el texto." />
            <doc xml:lang="fr-fr" title="Code de langue dans laquelle traduire le texte." />
            <doc xml:lang="it-it" title="Codice della lingua in cui tradurre il testo." />
            <doc xml:lang="ja-jp" title="翻訳先言語コード。" />
            <doc xml:lang="ko-kr" title="텍스트를 번역할 언어 코드입니다." />
            <doc xml:lang="pt-br" title="O código de idioma no qual traduzir o texto." />
            <doc xml:lang="ru-ru" title="Код языка, на который переводится текст." />
            <doc xml:lang="zh-cn" title="要将文本翻译为的语言代码。" />
            <doc xml:lang="zh-tw" title="翻譯文字之目的地語言碼。" />
            <option value="ar" />
            <option value="ca" />
            <option value="zh-CHS" />
            <option value="zh-CHT" />
            <option value="nl" />
            <option value="en" />
            <option value="fi" />
            <option value="fr" />
            <option value="de" />
            <option value="he" />
            <option value="hi" />
            <option value="it" />
            <option value="ja" />
            <option value="ko" />
            <option value="pt" />
            <option value="ru" />
            <option value="es" />
          </param>
          <param name="maxTranslations" style="query" type="xs:int" required="true" siena:sampleDefault="5">
            <doc title="Maximum number of translations to return." />
            <doc xml:lang="de-de" title="Maximale Anzahl zurückzugebender Übersetzungen." />
            <doc xml:lang="es-es" title="Número máximo de traducciones que se devuelven." />
            <doc xml:lang="fr-fr" title="Nombre maximal de traductions à retourner." />
            <doc xml:lang="it-it" title="Numero massimo di traduzioni da restituire." />
            <doc xml:lang="ja-jp" title="返される翻訳の最大数。" />
            <doc xml:lang="ko-kr" title="반환할 최대 번역 개수입니다." />
            <doc xml:lang="pt-br" title="Número máximo de traduções a serem retornadas." />
            <doc xml:lang="ru-ru" title="Максимальное количество возвращаемых переводов." />
            <doc xml:lang="zh-cn" title="要返回的最大翻译数。" />
            <doc xml:lang="zh-tw" title="要傳回的翻譯數目上限。" />
          </param>
        </request>
        <response>
          <representation mediaType="application/xml" element="btrans:GetTranslationsResponseElement" />
        </response>
      </method>
    </resource>
    <resource path="Speak">
      <method name="GET" id="Speak" siena:requiresAuthentication="true">
        <doc siena:displayName="Speak" title="Convert a given piece of text into an audio file (wave or mp3 stream). For example, to convert &quot;welcome&quot; to an audio file as spoken by an english &quot;en&quot; speaking person use:&#xA;BingTranslator!Speak(&quot;welcome&quot;, &quot;en&quot;)">
          Please click <xh:a href="http://msdn.microsoft.com/en-us/library/ff512420.aspx">here</xh:a> for the additional documentation.
        </doc>
        <doc xml:lang="de-de" title="Sie können einen bestimmten Textabschnitt in eine Audiodatei (Wave- oder MP3-Stream) konvertieren.&quot; Um beispielsweise das Wort &quot;Willkommen&quot; in eine wie von einer deutschen Person gesprochenen Audiodatei zu konvertieren, geben Sie ein:&#xD;&#xA;BingTranslator!Sprechen(&quot;Willkommen&quot;, &quot;de&quot;)" siena:displayName="Sprechen" />
        <doc xml:lang="es-es" title="Convertir un fragmento de texto dado en un archivo de audio (secuencia de ondas o mp3). Por ejemplo, para convertir &quot;welcome&quot; en un archivo de audio como si lo pronunciase una persona de habla inglesa (&quot;en&quot;), use:&#xD;&#xA;BingTranslator!Hablar(&quot;welcome&quot;, &quot;en&quot;)" siena:displayName="Hablar" />
        <doc xml:lang="fr-fr" title="Convertir une portion de texte en un fichier audio (flux wave ou mp3). Par exemple, pour convertir &quot;welcome&quot; en un fichier audio lu par une personne anglophone &quot;en&quot;, utiliser :&#xA;BingTranslator!FonctionnalitéVocale(&quot;welcome&quot;, &quot;en&quot;)" siena:displayName="FonctionnalitéVocale" />
        <doc xml:lang="it-it" title="Converte un testo in un file audio (flusso wav o mp3). Ad esempio, per convertire in un file audio la parola &quot;welcome&quot; letta da un parlante inglese &quot;en&quot;, usare:&#xD;&#xA;BingTranslator!Lettura(&quot;welcome&quot;, &quot;en&quot;)" siena:displayName="Lettura" />
        <doc xml:lang="ja-jp" title="指定したテキストのオーディオ ファイル (wave または mp3 ストリーム) への変換。たとえば、&quot;welcome&quot; を英語 &quot;en&quot; で読み上げるオーディオ ファイルに変換する場合は次を使用します:&#xA;BingTranslator!Speak(&quot;welcome&quot;, &quot;en&quot;)" siena:displayName="Speak" />
        <doc xml:lang="ko-kr" title="제공된 텍스트를 오디오 파일(wave 또는 mp3 스트리밍)로 변환합니다. 예를 들어 &quot;en&quot; 영어를 말하는 사람의 음성으로 &quot;welcome&quot;을 오디오 파일로 변환하려면 다음을 사용합니다.&#xA;BingTranslator!읽어주기(&quot;welcome&quot;, &quot;en&quot;)" siena:displayName="Speak" />
        <doc xml:lang="pt-br" title="Converter um determinado fragmento de texto em um arquivo de áudio (fluxo Wave ou mp3). Por exemplo, para converter &quot;welcome&quot; em um arquivo de áudio gravado por um falante do idioma inglês &quot;en&quot;, use:&#xA;BingTranslator!Falar(&quot;welcome&quot;, &quot;en&quot;)" siena:displayName="Falar" />
        <doc xml:lang="ru-ru" title="Преобразование данного отрывка текста в аудиофайл (звуковой поток или mp3). Например, для преобразования слова &quot;welcome&quot; в аудиофайл на английском языке (en) используйте следующее:&#xA;BingTranslator!Речь(&quot;welcome&quot;, &quot;en&quot;)" siena:displayName="Речь" />
        <doc xml:lang="zh-cn" title="将一段给定文本转换为音频文件(WAV 或 mp3 流)。例如，若要将“welcome”转换为由说英语“en”的人员朗读的音频文件，请使用:&#xA;BingTranslator!朗读(&quot;welcome&quot;, &quot;en&quot;)" siena:displayName="Speak" />
        <doc xml:lang="zh-tw" title="將所指定的文字片段，轉換成音訊檔案 (波形串流或 mp3 串流)。例如，若要將 &quot;welcome&quot; 轉換為音訊檔，以英文口說人士讀出英文 (&quot;en&quot;)，請使用:&#xA;BingTranslator!讀出(&quot;welcome&quot;, &quot;en&quot;)" siena:displayName="Speak" />
        <request>
          <param name="text" style="query" required="true" siena:sampleDefault="welcome">
            <doc title="The text containing a sentence or sentences of the specified language to be spoken for the wave stream." />
            <doc xml:lang="de-de" title="Der Text, der mindestens einen Satz der angegebenen gesprochenen Sprache für den Wave-Stream enthält." />
            <doc xml:lang="es-es" title="Texto que contiene una o varias oraciones del idioma especificado para que las pronuncie la secuencia de ondas." />
            <doc xml:lang="fr-fr" title="Texte contenant une ou plusieurs phrases dans la langue spécifiée à lire pour le flux wave." />
            <doc xml:lang="it-it" title="Testo contenente una o più frasi della lingua specificata che verranno lette per creare il flusso audio." />
            <doc xml:lang="ja-jp" title="wave ストリームで指定した読み上げ言語の文が含まれるテキスト。" />
            <doc xml:lang="ko-kr" title="문장이 포함된 텍스트 또는 웨이브 스트리밍 시 음성으로 변환할 특정 언어의 문장입니다." />
            <doc xml:lang="pt-br" title="O texto que contém uma ou mais frases do idioma especificado a ser falado para o fluxo Wave." />
            <doc xml:lang="ru-ru" title="Текст, содержащий предложение или предложения на указанном языке для звукового потока." />
            <doc xml:lang="zh-cn" title="包含采用要针对 WAV 流朗读的指定语言的一个或多个句子的文本。" />
            <doc xml:lang="zh-tw" title="包含要為該波形串流以指定語言讀出單句或多句的文字。" />
          </param>
          <param name="language" style="query" required="true" siena:sampleDefault="en">
            <doc title="The language code to speak the text in." />
            <doc xml:lang="de-de" title="Der Code der Sprache, in der der Text gesprochen wird." />
            <doc xml:lang="es-es" title="Código de idioma en el que se pronunciará el texto." />
            <doc xml:lang="fr-fr" title="Code de langue dans laquelle lire le texte." />
            <doc xml:lang="it-it" title="Codice della lingua in cui verrà letto il testo." />
            <doc xml:lang="ja-jp" title="テキスト読み上げの言語コード。" />
            <doc xml:lang="ko-kr" title="텍스트를 읽을 언어 코드입니다." />
            <doc xml:lang="pt-br" title="O código de idioma no qual falar o texto." />
            <doc xml:lang="ru-ru" title="Код языка, на котором озвучивается текст." />
            <doc xml:lang="zh-cn" title="要用于朗读文本的语言代码。" />
            <doc xml:lang="zh-tw" title="讀出文字的語言碼。" />
            <option value="ar" />
            <option value="ca" />
            <option value="zh-CHS" />
            <option value="zh-CHT" />
            <option value="nl" />
            <option value="en" />
            <option value="fi" />
            <option value="fr" />
            <option value="de" />
            <option value="he" />
            <option value="hi" />
            <option value="it" />
            <option value="ja" />
            <option value="ko" />
            <option value="pt" />
            <option value="ru" />
            <option value="es" />
          </param>
          <param name="format" style="query" required="false">
            <doc title="The content-type ID." />
            <doc xml:lang="de-de" title="Die Inhaltstyp-ID." />
            <doc xml:lang="es-es" title="Id. de tipo de contenido." />
            <doc xml:lang="fr-fr" title="ID du type de contenu." />
            <doc xml:lang="it-it" title="ID del tipo di contenuto." />
            <doc xml:lang="ja-jp" title="コンテンツ タイプ の ID。" />
            <doc xml:lang="ko-kr" title="콘텐츠 형식 ID입니다." />
            <doc xml:lang="pt-br" title="A ID do tipo de conteúdo." />
            <doc xml:lang="ru-ru" title="Идентификатор типа контента." />
            <doc xml:lang="zh-cn" title="内容类型 ID。" />
            <doc xml:lang="zh-tw" title="內容類型 ID。" />
            <option value="audio/wav" />
            <option value="audio/mp3" />
          </param>
          <param name="options" style="query" required="false">
            <doc title="The quality of the audio signal." />
            <doc xml:lang="de-de" title="Die Qualität des Audiosignals." />
            <doc xml:lang="es-es" title="Calidad de la señal de audio." />
            <doc xml:lang="fr-fr" title="Qualité du signal audio." />
            <doc xml:lang="it-it" title="Qualità del segnale audio." />
            <doc xml:lang="ja-jp" title="オーディオ信号の品質。" />
            <doc xml:lang="ko-kr" title="오디오 신호 품질입니다." />
            <doc xml:lang="pt-br" title="A qualidade do sinal de áudio." />
            <doc xml:lang="ru-ru" title="Качество аудиосигнала." />
            <doc xml:lang="zh-cn" title="音频信号的质量。" />
            <doc xml:lang="zh-tw" title="音訊訊號的品質。" />
            <option value="MaxQuality" />
            <option value="MinSize" />
          </param>
        </request>
        <response>
          <representation mediaType="audio" />
        </response>
      </method>
    </resource>
    <resource path="Translate">
      <method name="GET" id="Translate" siena:requiresAuthentication="true">
        <doc siena:displayName="Translate" title="Translate a given piece of text from one language to another. For example, to translate &quot;Hello, my friend&quot; to spanish &quot;es&quot; use:&#xA;BingTranslator!Translate(&quot;Hello, my friend&quot;, &quot;es&quot;)">
          Please click <xh:a href="http://msdn.microsoft.com/en-us/library/ff512421.aspx">here</xh:a> for the additional documentation.
        </doc>
        <doc xml:lang="de-de" title="Sie können einen beliebigen Textabschnitt von einer Sprache in eine andere übersetzen lassen. Um beispielsweise &quot;Hello, my friend&quot; ins Deutsche zu übersetzen, geben Sie ein:&#xD;&#xA;BingTranslator!Übersetzen(&quot;Hello, my friend&quot;, &quot;de&quot;)" siena:displayName="Übersetzen" />
        <doc xml:lang="es-es" title="Traducir un fragmento de texto de un idioma a otro. Por ejemplo, para traducir &quot;Hello, my friend&quot; al español (&quot;es&quot;), use:&#xD;&#xA;BingTranslator!Traducir(&quot;Hello, my friend&quot;, &quot;es&quot;)" siena:displayName="Traducir" />
        <doc xml:lang="fr-fr" title="Traduire une portion de texte donnée d'une langue à une autre. Par exemple, pour traduire &quot;Hello, my friend&quot; en espagnol &quot;es&quot;, utiliser :&#xA;BingTranslator!Traduire(&quot;Hello, my friend&quot;, &quot;es&quot;)" siena:displayName="Traduire" />
        <doc xml:lang="it-it" title="Consente di tradurre un testo da una lingua a un'altra. Ad esempio, per tradurre la frase &quot;Hello, my friend&quot; in italiano &quot;it&quot;, usare:&#xD;&#xA;BingTranslator!Traduzione(&quot;Hello, my friend&quot;, &quot;it&quot;)" siena:displayName="Traduzione" />
        <doc xml:lang="ja-jp" title="指定したテキストの別の言語への翻訳。たとえば、&quot;Hello, my friend&quot; をスペイン語 &quot;es&quot; に翻訳する場合は次を使用します:&#xA;BingTranslator!Translate(&quot;Hello, my friend&quot;, &quot;es&quot;)" siena:displayName="Translate" />
        <doc xml:lang="ko-kr" title="제공된 텍스트를 한 언어에서 다른 언어로 번역합니다. 예를 들어 &quot;Hello, my friend&quot;를 &quot;es&quot; 스페인어로 번역하려면 다음을 사용합니다.&#xA;BingTranslator!번역(&quot;Hello, my friend&quot;, &quot;es&quot;)" siena:displayName="Translate" />
        <doc xml:lang="pt-br" title="Traduzir um determinado fragmento de texto de um idioma para outro. Por exemplo, para traduzir &quot;Olá, meu amigo&quot; em espanhol &quot;es&quot;, use:&#xA;BingTranslator!Traduzir(&quot;Olá, meu amigo&quot;, &quot;es&quot;)" siena:displayName="Traduzir" />
        <doc xml:lang="ru-ru" title="Перевод данного отрывка текста с одного языка на другой. Например, для перевода фразы &quot;Hello, my friend&quot; на испанский (es) используйте следующее:&#xA;BingTranslator!Перевести(&quot;Hello, my friend&quot;, &quot;es&quot;)" siena:displayName="Перевести" />
        <doc xml:lang="zh-cn" title="将一段给定文本从一种语言翻译为另一种。例如，若要将“Hello, my friend”翻译为西班牙语“es”，请使用:&#xA;BingTranslator!翻译(&quot;Hello, my friend&quot;, &quot;es&quot;)" siena:displayName="Translate" />
        <doc xml:lang="zh-tw" title="將指定的文字片段，從一種語言翻譯為另一種語言。例如，若要將 &quot;Hello, my friend&quot; 翻譯為西班牙文 (&quot;es&quot;)，請使用:&#xA;BingTranslator!翻譯(&quot;Hello, my friend&quot;, &quot;es&quot;)" siena:displayName="Translate" />
        <request>
          <param name="text" style="query" required="true" siena:sampleDefault="Hello, my friend">
            <doc title="The text to translate." />
            <doc xml:lang="de-de" title="Der zu übersetzende Text." />
            <doc xml:lang="es-es" title="Texto que se traduce." />
            <doc xml:lang="fr-fr" title="Texte à traduire." />
            <doc xml:lang="it-it" title="Testo da tradurre." />
            <doc xml:lang="ja-jp" title="翻訳するテキスト。" />
            <doc xml:lang="ko-kr" title="번역할 텍스트입니다." />
            <doc xml:lang="pt-br" title="O texto a ser traduzido." />
            <doc xml:lang="ru-ru" title="Текст для перевода." />
            <doc xml:lang="zh-cn" title="要翻译的文本。" />
            <doc xml:lang="zh-tw" title="要翻譯的文字。" />
          </param>
          <param name="from" style="query" required="false">
            <doc title="The language code of the translation text." />
            <doc xml:lang="de-de" title="Der Sprachcode des Übersetzungstextes." />
            <doc xml:lang="es-es" title="Código de idioma del texto de traducción." />
            <doc xml:lang="fr-fr" title="Code de langue du texte à traduire." />
            <doc xml:lang="it-it" title="Codice della lingua del testo della traduzione." />
            <doc xml:lang="ja-jp" title="翻訳テキストの言語コード。" />
            <doc xml:lang="ko-kr" title="번역 텍스트의 언어 코드입니다." />
            <doc xml:lang="pt-br" title="O código de idioma do texto da tradução." />
            <doc xml:lang="ru-ru" title="Код языка переводимого текста." />
            <doc xml:lang="zh-cn" title="翻译文本的语言代码" />
            <doc xml:lang="zh-tw" title="翻譯文字的語言碼。" />
            <option value="ar" />
            <option value="ca" />
            <option value="zh-CHS" />
            <option value="zh-CHT" />
            <option value="nl" />
            <option value="en" />
            <option value="fi" />
            <option value="fr" />
            <option value="de" />
            <option value="he" />
            <option value="hi" />
            <option value="it" />
            <option value="ja" />
            <option value="ko" />
            <option value="pt" />
            <option value="ru" />
            <option value="es" />
          </param>
          <param name="to" style="query" required="true" siena:sampleDefault="es">
            <doc title="The language code to translate the text to." />
            <doc xml:lang="de-de" title="Der Code der Sprache, in die der Text übersetzt wird." />
            <doc xml:lang="es-es" title="Código de idioma al que se traduce el texto." />
            <doc xml:lang="fr-fr" title="Code de langue dans laquelle traduire le texte." />
            <doc xml:lang="it-it" title="Codice della lingua in cui tradurre il testo." />
            <doc xml:lang="ja-jp" title="翻訳先言語コード。" />
            <doc xml:lang="ko-kr" title="텍스트를 번역할 언어 코드입니다." />
            <doc xml:lang="pt-br" title="O código de idioma no qual traduzir o texto." />
            <doc xml:lang="ru-ru" title="Код языка, на который переводится текст." />
            <doc xml:lang="zh-cn" title="要将文本翻译为的语言代码。" />
            <doc xml:lang="zh-tw" title="文字翻譯目標語言的語言碼。" />
            <option value="ar" />
            <option value="ca" />
            <option value="zh-CHS" />
            <option value="zh-CHT" />
            <option value="nl" />
            <option value="en" />
            <option value="fi" />
            <option value="fr" />
            <option value="de" />
            <option value="he" />
            <option value="hi" />
            <option value="it" />
            <option value="ja" />
            <option value="ko" />
            <option value="pt" />
            <option value="ru" />
            <option value="es" />
          </param>
        </request>
        <response siena:resultForm="single">
          <representation mediaType="application/xml">
            <param style="plain" name="result" path="/string[1]/text()[1]" />
          </representation>
        </response>
      </method>
    </resource>
  </resources>
  <siena:authenticationProviders>
    <siena:oauth2 id="dataMarketAuth">
      <siena:grantType>
        <siena:clientCredentials scope="http://api.microsofttranslator.com">
          <siena:endpoints>
            <siena:token url="https://datamarket.accesscontrol.windows.net/v2/OAuth2-13" />
          </siena:endpoints>
          <siena:credentials clientId="[templated]" clientSecret="[templated]" />
        </siena:clientCredentials>
      </siena:grantType>
      <siena:resourceAuthorization placement="header" />
    </siena:oauth2>
  </siena:authenticationProviders>
  <siena:template>
    <siena:variable name="BingTranslator_ClientId">
      <siena:doc title="Client ID" />
      <siena:doc xml:lang="de-de" title="Client-ID" />
      <siena:doc xml:lang="es-es" title="Id. de cliente" />
      <siena:doc xml:lang="fr-fr" title="ID du client" />
      <siena:doc xml:lang="it-it" title="ID client" />
      <siena:doc xml:lang="ja-jp" title="クライアント ID" />
      <siena:doc xml:lang="ko-kr" title="클라이언트 ID" />
      <siena:doc xml:lang="pt-br" title="ID do Cliente" />
      <siena:doc xml:lang="ru-ru" title="Идентификатор клиента" />
      <siena:doc xml:lang="zh-cn" title="客户端 ID" />
      <siena:doc xml:lang="zh-tw" title="用戶端 ID" />
      <siena:modifyAuth href="#dataMarketAuth" tag="credentials" attribute="clientId" />
    </siena:variable>
    <siena:variable name="BingTranslator_ClientSecret" isSecret="true">
      <siena:doc title="Client Secret" />
      <siena:doc xml:lang="de-de" title="Geheimer Clientschlüssel" />
      <siena:doc xml:lang="es-es" title="Secreto de cliente" />
      <siena:doc xml:lang="fr-fr" title="Clé secrète client" />
      <siena:doc xml:lang="it-it" title="Segreto client" />
      <siena:doc xml:lang="ja-jp" title="クライアント シークレット" />
      <siena:doc xml:lang="ko-kr" title="클라이언트 암호" />
      <siena:doc xml:lang="pt-br" title="Segredo do Cliente" />
      <siena:doc xml:lang="ru-ru" title="Секрет клиента" />
      <siena:doc xml:lang="zh-cn" title="客户端密码" />
      <siena:doc xml:lang="zh-tw" title="用戶端密鑰" />
      <siena:modifyAuth href="#dataMarketAuth" tag="credentials" attribute="clientSecret" />
    </siena:variable>
  </siena:template>
</application>