﻿<?xml version="1.0" encoding="utf-8"?>
<!--
*****************************************************
*                                                   *
*   Copyright (C) Microsoft. All rights reserved.   *
*                                                   *
*****************************************************
-->
<application xmlns="http://wadl.dev.java.net/2009/02" xmlns:siena="http://schemas.microsoft.com/MicrosoftProjectSiena/WADL/2014/11" xmlns:xs="http://www.w3.org/2001/XMLSchema" xmlns:xh="http://www.w3.org/1999/xhtml" xmlns:youtube="https://developers.google.com/youtube/v3/docs/" siena:serviceId="YouTube" siena:author="ProjectSiena">
  <doc title="Connector for YouTube Data API." />
  <grammars>
    <jsonTypes targetNamespace="https://developers.google.com/youtube/v3/docs/" xmlns="http://schemas.microsoft.com/MicrosoftProjectSiena/WADL/2014/11">
      <object name="SubscriptionsResponse">
        <property name="items" typeRef="SubscriptionsArray" />
      </object>
      <array name="SubscriptionsArray">
        <object>
          <property name="kind" type="string" />
          <property name="etag" type="string" />
          <property name="id" type="string" />
          <property name="snippet" typeRef="SubscriptionsSnippetObject" />
        </object>
      </array>
      <object name="SubscriptionsSnippetObject">
        <property name="title" type="string" />
        <property name="publishedAt" type="string" />
        <property name="description" type="string" />
        <property name="resourceId" typeRef="IdObject" />
        <property name="channelId" type="string" />
        <property name="thumbnails" typeRef="ThumbnailsObject" />
      </object>
      <object name="PlaylistItemsResponse">
        <property name="items" typeRef="PlaylistItemsArray" />
      </object>
      <array name="PlaylistItemsArray">
        <object>
          <property name="kind" type="string" />
          <property name="etag" type="string" />
          <property name="id" type="string" />
          <property name="snippet" typeRef="PlaylistItemsSnippetObject" />
        </object>
      </array>
      <object name="PlaylistItemsSnippetObject">
        <property name="channelId" type="string" />
        <property name="description" type="string" />
        <property name="title" type="string" />
        <property name="publishedAt" type="string" />
        <property name="thumbnails" typeRef="ThumbnailsObject" />
        <property name="channelTitle" type="string" />
        <property name="playlistId" type="string" />
        <property name="position" type="number" />
        <property name="resourceId" typeRef="IdObject" />
      </object>
      <object name="PlaylistsResponse">
        <property name="items" typeRef="PlaylistsArray" />
      </object>
      <array name="PlaylistsArray">
        <object>
          <property name="kind" type="string" />
          <property name="etag" type="string" />
          <property name="id" type="string" />
          <property name="snippet" typeRef="PlaylistsSnippetObject" />
        </object>
      </array>
      <object name="PlaylistsSnippetObject">
        <property name="channelId" type="string" />
        <property name="channelTitle" type="string" />
        <property name="description" type="string" />
        <property name="title" type="string" />
        <property name="publishedAt" type="string" />
        <property name="thumbnails" typeRef="ThumbnailsObject" />
      </object>
      <object name="ChannelsResponse">
        <property name="items" typeRef="ChannelsArray" />
      </object>
      <array name="ChannelsArray">
        <object>
          <property name="kind" type="string" />
          <property name="etag" type="string" />
          <property name="id" type="string" />
          <property name="snippet" typeRef="ChannelSnippetObject" />
        </object>
      </array>
      <object name="ChannelSnippetObject">
        <property name="title" type="string" />
        <property name="description" type="string" />
        <property name="publishedAt" type="string" />
        <property name="thumbnails" typeRef="ThumbnailsObject" />
      </object>
      <object name="GuideCategoriesResponse">
        <property name="items" typeRef="CategoriesArray" />
      </object>
      <object name="VideoCategoriesResponse">
        <property name="items" typeRef="CategoriesArray" />
      </object>
      <array name="CategoriesArray">
        <object>
          <property name="id" type="string" />
          <property name="snippet" typeRef="CategoriesSnippetObject" />
        </object>
      </array>
      <object name="CategoriesSnippetObject">
        <property name="channelId" type="string" />
        <property name="title" type="string" />
      </object>
      <object name="RatingsResponse">
        <property name="items" typeRef="RatingsArray" />
      </object>
      <array name="RatingsArray">
        <object>
          <property name="rating" type="string" />
          <property name="videoId" type="string" />
        </object>
      </array>
      <object name="VideoInfoResponse">
        <property name="items" typeRef="VideoItemsArray" />
      </object>
      <array name="VideoItemsArray">
        <object>
          <property name="kind" type="string" />
          <property name="etag" type="string" />
          <property name="id" type="string" />
          <property name="snippet" typeRef="SnippetObject" />
        </object>
      </array>
      <object name="SearchResponse">
        <property name="items" typeRef="ItemsArray" />
      </object>
      <array name="ItemsArray">
        <object>
          <property name="kind" type="string" />
          <property name="etag" type="string" />
          <property name="id" typeRef="IdObject" />
          <property name="snippet" typeRef="SnippetObject" />
        </object>
      </array>
      <object name="IdObject">
        <property name="kind" type="string" />
        <property name="videoId" type="string" />
      </object>
      <object name="SnippetObject">
        <property name="publishedAt" type="string" />
        <property name="channelId" type="string" />
        <property name="title" type="string" />
        <property name="description" type="string" />
        <property name="thumbnails" typeRef="ThumbnailsObject" />
        <property name="channelTitle" type="string" />
        <property name="categoryId" type="string" />
        <property name="liveBroadcastContent" type="string" />
      </object>
      <object name="ThumbnailsObject">
        <property name="default" typeRef="URLObject" />
        <property name="medium" typeRef="URLObject" />
        <property name="high" typeRef="URLObject" />
      </object>
      <object name="URLObject">
        <property name="url" type="string" dtype="hyperlink" />
      </object>
    </jsonTypes>
  </grammars>
  <resources base="https://www.googleapis.com/youtube/v3/" siena:authenticationProviderHref="#youtubeAuth">
    <resource path="search">
      <method name="GET" id="Search" siena:requiresAuthentication="true">
        <doc siena:displayName="Search" title="Search for YouTube videos. For example to search for Cortana use:&#xA;YouTube!Search(&quot;Cortana&quot;)" />
        <doc xml:lang="de-de" title="Nach YouTube-Videos suchen. Verwenden Sie beispielsweise den folgenden Befehl, um nach &quot;Cortana&quot; zu suchen:&#xA;YouTube!Suchen(&quot;Cortana&quot;)" siena:displayName="Suchen" />
        <doc xml:lang="es-es" title="Buscar vídeos de YouTube. Por ejemplo, para buscar Cortana, use:&#xA;YouTube!Buscar(&quot;Cortana&quot;)" siena:displayName="Buscar" />
        <doc xml:lang="fr-fr" title="Rechercher des vidéos YouTube. Par exemple, pour rechercher des vidéos sur Cortana, utiliser :&#xA;YouTube!Rechercher(&quot;Cortana&quot;)" siena:displayName="Rechercher" />
        <doc xml:lang="it-it" title="Consente di cercare video di YouTube. Ad esempio, per cercare Cortana, usare:&#xD;&#xA;YouTube!Cerca(&quot;Cortana&quot;)" siena:displayName="Cerca" />
        <doc xml:lang="ja-jp" title="YouTube 動画の検索。たとえば、Cortana を検索するには &#xA;YouTube!Search(&quot;Cortana&quot;) を使用します。" siena:displayName="Search" />
        <doc xml:lang="ko-kr" title="YouTube 비디오를 검색합니다. 예를 들어 Cortana를 검색하려면 다음을 사용합니다.&#xA;YouTube!검색(&quot;Cortana&quot;)" siena:displayName="Search" />
        <doc xml:lang="pt-br" title="Procurar vídeos do YouTube. Por exemplo, para procurar Cortana, use:&#xA;YouTube!Pesquisar(&quot;Cortana&quot;)" siena:displayName="Pesquisar" />
        <doc xml:lang="ru-ru" title="Поиск видео на YouTube. Например, для поиска &quot;Cortana&quot; используйте следующее:&#xA;YouTube!Поиск(&quot;Cortana&quot;)" siena:displayName="Поиск" />
        <doc xml:lang="zh-cn" title="搜索 YouTube 视频。例如，若要搜索 Cortana，请使用:&#xA;YouTube!搜索(&quot;Cortana&quot;)" siena:displayName="Search" />
        <doc xml:lang="zh-tw" title="搜尋 YouTube 影片。例如，若要搜尋 Cortana，請使用:&#xA;YouTube!搜尋(&quot;Cortana&quot;)" siena:displayName="Search" />
        <request>
          <param name="q" style="query" type="xs:string" siena:sampleDefault="Yoga" required="true">
            <doc title="The query term to search for." />
            <doc xml:lang="de-de" title="Der Abfragebegriff, nach dem gesucht werden soll." />
            <doc xml:lang="es-es" title="Término de consulta que se debe buscar." />
            <doc xml:lang="fr-fr" title="Terme de requête à rechercher." />
            <doc xml:lang="it-it" title="Termine di query da cercare." />
            <doc xml:lang="ja-jp" title="検索するクエリ用語。" />
            <doc xml:lang="ko-kr" title="검색할 쿼리 용어입니다." />
            <doc xml:lang="pt-br" title="O termo de consulta a ser pesquisado." />
            <doc xml:lang="ru-ru" title="Запрос поиска." />
            <doc xml:lang="zh-cn" title="要搜索的查询词。" />
            <doc xml:lang="zh-tw" title="要搜尋的查詢詞彙。" />
          </param>
          <param name="accept" style="header" fixed="application/json" required="true" />
          <param name="part" style="query" type="xs:string" fixed="snippet" required="true" />
          <param name="maxResults" style="query" type="xs:int" fixed="50" />
          <param name="videoEmbeddable" style="query" type="xs:string" siena:sampleDefault="any">
            <doc title="Restrict a search to only videos that can be embedded into a webpage. If you specify a value for this parameter, you must also set the type parameter's value to video." />
            <doc xml:lang="de-de" title="Eine Suche auf Videos beschränken, die in eine Webseite eingebettet werden können. Wenn Sie für diesen Parameter einen Wert eingeben, müssen Sie außerdem &quot;video&quot; für den Wert des Typparameters festlegen." />
            <doc xml:lang="es-es" title="Restringir una búsqueda a aquellos vídeos que se pueden insertar en una página web. Si especifica un valor para este parámetro, también deberá establecer el valor del parámetro tipo en vídeo." />
            <doc xml:lang="fr-fr" title="Limiter une recherche aux vidéos qui peuvent être incorporées dans une page web. Si vous spécifiez une valeur pour ce paramètre, vous devez également définir la valeur &quot;video&quot; pour le paramètre de type." />
            <doc xml:lang="it-it" title="Limita una ricerca ai soli video che è possibile incorporare in una pagina Web. Se si specifica un valore per questo parametro, è inoltre necessario impostare il valore del parametro tipo su video." />
            <doc xml:lang="ja-jp" title="Web ページに埋め込める動画のみを含めるように検索を制限します。このパラメータに値を指定する場合は、type パラメータの値を video に設定することも必要です。" />
            <doc xml:lang="ko-kr" title="웹 페이지에 포함할 수 있는 비디오로만 검색을 제한합니다. 이 매개 변수의 값을 지정한 경우 비디오에 대한 형식 매개 변수 값도 입력해야 합니다." />
            <doc xml:lang="pt-br" title="Restringir a pesquisa somente a vídeos que podem ser incorporados em uma página da Web. Se você especificar um valor para esse parâmetro, também deverá definir o valor do parâmetro de tipo como vídeo." />
            <doc xml:lang="ru-ru" title="Ограничить поиск, включая только видео, которые можно вставить на веб-страницу. Если указано значение для этого параметра, потребуется также задать значение параметра типа для видео." />
            <doc xml:lang="zh-cn" title="将搜索限制为仅包含可以嵌入在网页中的视频。如果为此参数指定值，则还必须将类型参数的值设置为视频。" />
            <doc xml:lang="zh-tw" title="限制只搜尋可以內嵌到網頁的影片。若您指定了此參數的值，也必須對影片設定類型參數值。" />
            <option value="any" />
            <option value="true" />
          </param>
          <param name="videoDuration" style="query" type="xs:string" siena:sampleDefault="any">
            <doc title="Filter video search results based on their duration." />
            <doc xml:lang="de-de" title="Videosuchergebnisse nach der Dauer filtern." />
            <doc xml:lang="es-es" title="Filtrar los resultados de búsqueda de vídeos en función de su duración." />
            <doc xml:lang="fr-fr" title="Filtrer les résultats de la recherche en fonction de la durée des vidéos." />
            <doc xml:lang="it-it" title="Filtra i risultati della ricerca di video in base alla durata." />
            <doc xml:lang="ja-jp" title="再生時間に基づいて、動画の検索結果をフィルタリングします。" />
            <doc xml:lang="ko-kr" title="기간을 기준으로 검색 결과를 필터링합니다." />
            <doc xml:lang="pt-br" title="Filtrar resultados de pesquisa de vídeo com base na sua duração." />
            <doc xml:lang="ru-ru" title="Фильтр результатов поиска видео на основе длительности." />
            <doc xml:lang="zh-cn" title="基于持续时间搜索视频搜索结果。" />
            <doc xml:lang="zh-tw" title="依據影片持續時間，篩選影片搜尋結果。" />
            <option value="any" />
            <option value="long" />
            <option value="medium" />
            <option value="short" />
          </param>
          <param name="videoLicense" style="query" type="xs:string" siena:sampleDefault="any">
            <doc title="Restrict a search to only include videos with a particular license. If you specify a value for this parameter, you must also set the type parameter's value to video." />
            <doc xml:lang="de-de" title="Eine Suche auf Videos mit einer bestimmten Lizenz einschränken. Wenn Sie für diesen Parameter einen Wert eingeben, müssen Sie außerdem &quot;video&quot; für den Wert des Typparameters festlegen." />
            <doc xml:lang="es-es" title="Restringir una búsqueda para que solo se incluyan vídeos con una licencia concreta. Si especifica un valor para este parámetro, también debe establecer el valor del parámetro tipo en vídeo." />
            <doc xml:lang="fr-fr" title="Limiter une recherche aux vidéos soumises à une licence particulière. Si vous spécifiez une valeur pour ce paramètre, vous devez également définir la valeur &quot;video&quot; pour le paramètre de type." />
            <doc xml:lang="it-it" title="Limita una ricerca in modo da includere i soli video con una particolare licenza. Se si specifica un valore per questo parametro, è inoltre necessario impostare il valore del parametro tipo su video." />
            <doc xml:lang="ja-jp" title="特定のライセンスを持つ動画のみを含めるように検索を制限します。このパラメータに値を指定する場合は、type パラメータの値を video に設定することも必要です。" />
            <doc xml:lang="ko-kr" title="특정 라이선스가 있는 비디오만 포함하도록 검색을 제한합니다. 이 매개 변수의 값을 지정한 경우 비디오에 대한 형식 매개 변수 값도 입력해야 합니다." />
            <doc xml:lang="pt-br" title="Restringir um pesquisa de forma a incluir somente vídeos com uma licença específica. Se você especificar um valor para esse parâmetro, também deverá definir o valor do parâmetro de tipo como vídeo." />
            <doc xml:lang="ru-ru" title="Ограничить поиск, включая только видео с определенной лицензией. Если указано значение для этого параметра, необходимо также задать значение параметра типа для видео." />
            <doc xml:lang="zh-cn" title="将搜索限制为仅包含可以具有特定许可证的视频。如果为此参数指定值，则还必须将类型参数的值设置为视频。" />
            <doc xml:lang="zh-tw" title="限制只搜尋具備特定授權的影片。若您為此參數指定了值，也必須為影片設定類型參數的值。" />
            <option value="any" />
            <option value="creativeCommon" />
            <option value="youtube" />
          </param>
          <param name="videoType" style="query" type="xs:string" siena:sampleDefault="any">
            <doc title="Restrict a search to a particular type of videos." />
            <doc xml:lang="de-de" title="Eine Suche auf einen bestimmten Videotyp einschränken." />
            <doc xml:lang="es-es" title="Restringir una búsqueda a un tipo concreto de vídeos." />
            <doc xml:lang="fr-fr" title="Limiter une recherche à un type particulier de vidéos." />
            <doc xml:lang="it-it" title="Limita una ricerca a un particolare tipo di video." />
            <doc xml:lang="ja-jp" title="特定のタイプの動画のみを検索するように制限します。" />
            <doc xml:lang="ko-kr" title="특정 비디오 형식으로 검색을 제한합니다." />
            <doc xml:lang="pt-br" title="Restringir uma pesquisa a um tipo específico de vídeo." />
            <doc xml:lang="ru-ru" title="Ограничить поиск до определенного типа видео." />
            <doc xml:lang="zh-cn" title="将搜索限制为特定类型的视频。" />
            <doc xml:lang="zh-tw" title="限制只搜尋特定類型的影片。" />
            <option value="any" />
            <option value="episode" />
            <option value="movie" />
          </param>
          <param name="videoSyndicated" style="query" type="xs:string" siena:sampleDefault="true">
            <doc title="Restrict a search to only videos that can be be played outside of YouTube.com. If you specify a value for this parameter, you must also set the type parameter's value to video." />
            <doc xml:lang="de-de" title="Eine Suche auf Videos einschränken, die außerhalb von &quot;YouTube.com&quot; wiedergegeben werden können. Wenn Sie für diesen Parameter einen Wert eingeben, müssen Sie außerdem &quot;video&quot; für den Wert des Typparameters festlegen." />
            <doc xml:lang="es-es" title="Restringir una búsqueda a aquellos vídeos que se pueden reproducir fuera de YouTube.com. Si especifica un valor para este parámetro, también debe establecer el valor del parámetro tipo en vídeo." />
            <doc xml:lang="fr-fr" title="Limiter une recherche aux vidéos qui peuvent être lues ailleurs que sur YouTube.com. Si vous spécifiez une valeur pour ce paramètre, vous devez également définir la valeur &quot;video&quot; pour le paramètre de type." />
            <doc xml:lang="it-it" title="Limita una ricerca ai soli video che è possibile riprodurre all'esterno di YouTube.com. Se si specifica un valore per questo parametro, è inoltre necessario impostare il valore del parametro tipo su video." />
            <doc xml:lang="ja-jp" title="YouTube.com の外で再生できる動画のみを含めるように検索を制限します。このパラメータに値を指定する場合は、type パラメータの値を video に設定することも必要です。" />
            <doc xml:lang="ko-kr" title="YouTube.com 이외의 사이트에서 재생할 수 있는 비디오로만 검색을 제한합니다. 이 매개 변수의 값을 지정한 경우 비디오에 대한 형식 매개 변수 값도 설정해야 합니다." />
            <doc xml:lang="pt-br" title="Restringir a pesquisa somente a vídeos que podem ser reproduzidos fora do YouTube.com. Se você especificar um valor para esse parâmetro, também deverá definir o valor do parâmetro de tipo como vídeo." />
            <doc xml:lang="ru-ru" title="Ограничить поиск, включая только видео, которые можно воспроизвести за пределами сайта YouTube.com. Если указано значение для этого параметра, необходимо также задать значение параметра типа для видео." />
            <doc xml:lang="zh-cn" title="将搜索限制为仅包含可以在 YouTube.com 外部播放的视频。如果为此参数指定值，则还必须将类型参数的值设置为视频。" />
            <doc xml:lang="zh-tw" title="限制只搜尋可從 YouTube.com 之外播放的影片。若您指定了此參數的值，也必須對影片設定類型參數值。" />
            <option value="any" />
            <option value="true" />
          </param>
          <param name="videoDimension" style="query" type="xs:string" siena:sampleDefault="any">
            <doc title="Restrict a search to only retrieve 2D or 3D videos." />
            <doc xml:lang="de-de" title="Eine Suche auf den Abruf von 2D- oder 3D-Videos einschränken." />
            <doc xml:lang="es-es" title="Restringir una búsqueda para que se recuperen únicamente vídeos en 2D o 3D." />
            <doc xml:lang="fr-fr" title="Limiter une recherche aux vidéos 2D ou 3D." />
            <doc xml:lang="it-it" title="Limita una ricerca in modo da recuperare solo i video 2D o 3D." />
            <doc xml:lang="ja-jp" title="2D または 3D の動画のみを取得するように検索を制限します。" />
            <doc xml:lang="ko-kr" title="2D 또는 3D 비디오만 검색하도록 검색을 제한합니다." />
            <doc xml:lang="pt-br" title="Restringir uma pesquisa de forma a recuperar somente vídeos em 2D ou 3D." />
            <doc xml:lang="ru-ru" title="Ограничивает поиск, получая только двухмерные или трехмерные видео." />
            <doc xml:lang="zh-cn" title="将搜索限制为仅检索 2D 或 3D 视频。" />
            <doc xml:lang="zh-tw" title="限制搜尋只擷取 2D 或 3D 影片。" />
            <option value="any" />
            <option value="2d" />
            <option value="3d" />
          </param>
          <param name="videoDefinition" style="query" type="xs:string" siena:sampleDefault="any">
            <doc title="Restrict a search to only include either high definition (HD) or standard definition (SD) videos." />
            <doc xml:lang="de-de" title="Eine Suche auf die Rückgabe von Ergebnissen mit HD (High Definition)- oder SD (Standard Definition)-Videos einschränken." />
            <doc xml:lang="es-es" title="Restringir una búsqueda para que solo se incluyan vídeos de alta definición (HD) o de definición estándar (SD)." />
            <doc xml:lang="fr-fr" title="Limiter une recherche aux vidéos au format haute définition (HD) ou définition standard (SD)." />
            <doc xml:lang="it-it" title="Limita una ricerca in modo da includere solo video ad alta definizione (HD) o con definizione standard (SD)." />
            <doc xml:lang="ja-jp" title="高画質 (HD) または標準画質 (SD) の動画のみを含めるように検索を制限します。" />
            <doc xml:lang="ko-kr" title="HD(고화질) 또는 SD(일반 화질) 비디오만 포함하도록 검색을 제한합니다." />
            <doc xml:lang="pt-br" title="Restringir a pesquisa de forma a incluir somente vídeos de alta definição (HD) ou de definição padrão (SD)." />
            <doc xml:lang="ru-ru" title="Ограничивает поиск, включая только видео в высоком разрешении (HD) или в стандартном разрешении (SD)." />
            <doc xml:lang="zh-cn" title="将搜索限制为仅包含高清晰度(HD)或标准清晰度(SD)视频。" />
            <doc xml:lang="zh-tw" title="限制搜尋只包括高畫質 (HD) 或標準畫質 (SD) 的影片。" />
            <option value="any" />
            <option value="high" />
            <option value="standard" />
          </param>
          <param name="videoCaption" style="query" type="xs:string" siena:sampleDefault="any">
            <doc title="Filter video search results based on whether they have captions." />
            <doc xml:lang="de-de" title="Videosuchergebnisse danach filtern, ob sie Untertitel enthalten." />
            <doc xml:lang="es-es" title="Filtrar los resultados de búsqueda de vídeos en función de si tienen subtítulos." />
            <doc xml:lang="fr-fr" title="Filtrer les résultats de la recherche sur les vidéos comportant des légendes." />
            <doc xml:lang="it-it" title="Filtra i risultati della ricerca di video a seconda che includano o meno le didascalie." />
            <doc xml:lang="ja-jp" title="キャプションがあるかどうかに基づいて、動画の検索結果をフィルタリングします。" />
            <doc xml:lang="ko-kr" title="캡션 보유 여부를 기준으로 비디오 검색 결과를 필터링합니다." />
            <doc xml:lang="pt-br" title="Filtrar resultados de pesquisa de vídeo dependendo de eles incluírem legendas." />
            <doc xml:lang="ru-ru" title="Фильтр результатов поиска видео на основе того, имеют ли они заголовки." />
            <doc xml:lang="zh-cn" title="基于视频是否具有字幕来筛选视频搜索结果。" />
            <doc xml:lang="zh-tw" title="依據影片是否有字幕，來篩選影片搜尋結果。" />
            <option value="any" />
            <option value="closedCaption" />
            <option value="none" />
          </param>
          <param name="type" style="query" type="xs:string" siena:sampleDefault="video">
            <doc title="Restricts a search query to only retrieve a particular type of resource." />
            <doc xml:lang="de-de" title="Beschränkt eine Suchabfrage auf den Abruf eines bestimmten Ressourcentyps." />
            <doc xml:lang="es-es" title="Restringe una consulta de búsqueda para que solo se recupere un tipo de recurso concreto." />
            <doc xml:lang="fr-fr" title="Limite une requête de recherche pour récupérer seulement un type particulier de ressources." />
            <doc xml:lang="it-it" title="Limita una query di ricerca in modo da recuperare solo un particolare tipo di risorsa." />
            <doc xml:lang="ja-jp" title="特定のタイプのリソースのみを検索するように検索クエリを制限します。" />
            <doc xml:lang="ko-kr" title="특정 리소스 형식만 검색하도록 검색 쿼리를 제한합니다." />
            <doc xml:lang="pt-br" title="Restringe uma consulta de pesquisa de forma a recuperar somente um determinado tipo de recurso." />
            <doc xml:lang="ru-ru" title="Ограничивает запрос поиска для получения только определенного типа ресурса." />
            <doc xml:lang="zh-cn" title="将搜索查询限制为仅检索特定类型的资源。" />
            <doc xml:lang="zh-tw" title="限制搜尋查詢只擷取特定類型的資源。" />
            <option value="channel" />
            <option value="playlist" />
            <option value="video" />
          </param>
          <param name="safeSearch" style="query" type="xs:string" siena:sampleDefault="none">
            <doc title="Indicate search results to include restricted content as well as standard content." />
            <doc xml:lang="de-de" title="Angeben, dass Suchergebnisse eingeschränkten Inhalt sowie Standardinhalt enthalten sollen." />
            <doc xml:lang="es-es" title="Indicar que los resultados de búsqueda incluyan tanto contenido restringido como contenido estándar." />
            <doc xml:lang="fr-fr" title="Indiquer que les résultats de la recherche doivent inclure le contenu à accès limité et le contenu standard." />
            <doc xml:lang="it-it" title="Indica che nei risultati della ricerca sono inclusi sia il contenuto con limitazioni che quello standard." />
            <doc xml:lang="ja-jp" title="検索結果に、標準コンテンツと共に制限コンテンツを含めることを指定します。" />
            <doc xml:lang="ko-kr" title="제한된 콘텐츠와 표준 콘텐츠를 포함하도록 검색 결과를 표시합니다." />
            <doc xml:lang="pt-br" title="Indicar os resultados de pesquisa para incluir conteúdo restrito e também conteúdo padrão." />
            <doc xml:lang="ru-ru" title="Указать результаты поиска, включающие как стандартный контент, так и ограниченный." />
            <doc xml:lang="zh-cn" title="指示搜索结果包含受限内容以及标准内容。" />
            <doc xml:lang="zh-tw" title="表示搜尋結果要包括限制內容以及標準內容。" />
            <option value="moderate" />
            <option value="none" />
            <option value="strict" />
          </param>
        </request>
        <response siena:resultForm="single">
          <representation mediaType="application/json">
            <param style="plain" name="foo" path="/items" type="youtube:ItemsArray" />
          </representation>
        </response>
      </method>
    </resource>
    <resource path="videos">
      <method name="GET" id="VideoInfo" siena:requiresAuthentication="true">
        <doc siena:displayName="VideoInfo" title="Details for specific YouTube video(s). For example, to view details for YouTube video-id 57dzaMaouXA use:&#xA;YouTube!VideoInfo(&quot;57dzaMaouXA&quot;)" />
        <doc xml:lang="de-de" title="Details bestimmter YouTube-Videos. Verwenden Sie beispielsweise den folgenden Befehl für die YouTube-Video-ID 57dzaMaouXA:&#xA;YouTube!Videoinfo(&quot;57dzaMaouXA&quot;)" siena:displayName="Videoinfo" />
        <doc xml:lang="es-es" title="Detalles de vídeos de YouTube específicos. Por ejemplo, para ver los detalles del vídeo de YouTube con id. 57dzaMaouXA, use:&#xA;YouTube!InformaciónDelVídeo(&quot;57dzaMaouXA&quot;)" siena:displayName="InformaciónDelVídeo" />
        <doc xml:lang="fr-fr" title="Détails d'une ou de plusieurs vidéos YouTube spécifiques. Par exemple, pour afficher les détails de la vidéo YouTube ayant l'ID 57dzaMaouXA, utiliser :&#xA;YouTube!InfoVidéo(&quot;57dzaMaouXA&quot;)" siena:displayName="InfoVidéo" />
        <doc xml:lang="it-it" title="Visualizza i dettagli per video di YouTube specifici. Ad esempio, per visualizzare i dettagli per il video di YouTube con ID 57dzaMaouXA, usare:&#xD;&#xA;YouTube!InfoVideo(&quot;57dzaMaouXA&quot;)" siena:displayName="InfoVideo" />
        <doc xml:lang="ja-jp" title="特定の YouTube 動画の詳細。たとえば、YouTube の動画 ID 57dzaMaouXA の詳細を表示するには &#xA;YouTube!VideoInfo(&quot;57dzaMaouXA&quot;) を使用します。" siena:displayName="VideoInfo" />
        <doc xml:lang="ko-kr" title="특정 YouTube 비디오에 대한 세부 정보입니다. 예를 들어 YouTube video-id 57dzaMaouXA에 대한 세부 정보를 보려면 다음을 사용합니다.&#xA;YouTube!비디오정보(&quot;57dzaMaouXA&quot;)" siena:displayName="VideoInfo" />
        <doc xml:lang="pt-br" title="Detalhes do(s) vídeo(s) específico(s) do YouTube. Por exemplo, para ver detalhes do vídeo do YouTube com ID 57dzaMaouXA, use:&#xA;YouTube!InformaçõesDoVídeo(&quot;57dzaMaouXA&quot;)" siena:displayName="InformaçõesDoVídeo" />
        <doc xml:lang="ru-ru" title="Сведения об определенных видео YouTube. Например, для просмотра сведений о video-id 57dzaMaouXA YouTube используйте следующее:&#xA;YouTube!СведенияОВидео(&quot;57dzaMaouXA&quot;)" siena:displayName="СведенияОВидео" />
        <doc xml:lang="zh-cn" title="特定 YouTube 视频的详细信息。例如，若要查看 YouTube video-id 57dzaMaouXA 的详细信息，请使用:&#xA;YouTube!视频信息(&quot;57dzaMaouXA&quot;)" siena:displayName="VideoInfo" />
        <doc xml:lang="zh-tw" title="特定 YouTube 影片的詳細資料。例如，若要檢視 YouTube 影片 ID 57dzaMaouXA 的詳細資訊，請使用:&#xA;YouTube!影片資訊(&quot;57dzaMaouXA&quot;)" siena:displayName="VideoInfo" />
        <request>
          <param name="accept" style="header" fixed="application/json" required="true" />
          <param name="part" style="query" type="xs:string" fixed="snippet" required="true" />
          <param name="id" style="query" type="xs:string" siena:sampleDefault="57dzaMaouXA" required="true">
            <doc title="A comma-separated list of the YouTube video ID(s) for the detials that are being retrieved." />
            <doc xml:lang="de-de" title="Eine durch Komma getrennte Liste der YouTube-Video-IDs zu den abgerufenen Details." />
            <doc xml:lang="es-es" title="Lista delimitada por comas de los id. de vídeo de YouTube para los detalles que se están recuperando." />
            <doc xml:lang="fr-fr" title="Liste séparée par des virgules des ID des vidéos YouTube pour lesquelles sont retournés les détails." />
            <doc xml:lang="it-it" title="Elenco di valori separati da virgole degli ID di video per i quali recuperare i dettagli." />
            <doc xml:lang="ja-jp" title="取得される詳細の You Tube 動画 ID のカンマ区切りの一覧。" />
            <doc xml:lang="ko-kr" title="검색되는 세부 정보에 대해 쉼표로 구분된 YouTube 비디오 ID의 목록입니다." />
            <doc xml:lang="pt-br" title="Uma lista separada por vírgulas das IDs de vídeo do YouTube para os detalhes que estão sendo recuperados." />
            <doc xml:lang="ru-ru" title="Список идентификаторов видео YouTube, разделенный запятыми, для получаемых сведений." />
            <doc xml:lang="zh-cn" title="检索其详细信息的 YouTube 视频 ID 的逗号分隔列表。" />
            <doc xml:lang="zh-tw" title="擷取其詳細資料之 YouTube 影片 ID 的清單 (以逗號分隔)。" />
          </param>
          <param name="maxResults" style="query" type="xs:int" fixed="50" />
        </request>
        <response siena:resultForm="single">
          <representation mediaType="application/json">
            <param style="plain" name="foo" path="/items" type="youtube:VideoItemsArray" />
          </representation>
        </response>
      </method>
      <resource path="rate">
        <method name="POST" id="Rate" siena:requiresAuthentication="true">
          <doc siena:displayName="Rate" title="Add a like or dislike rating for a video or remove a rating from a video. For example, to like YouTube video-id 57dzaMaouXA use:&#xA;YouTube!Rate(&quot;57dzaMaouXA&quot;,&quot;like&quot;)" />
          <doc xml:lang="de-de" title="Bewertung &quot;Gefällt mir&quot; oder &quot;Gefällt mir nicht&quot; für ein Video hinzufügen oder eine Bewertung für ein Video entfernen. Verwenden Sie beispielsweise den folgenden Befehl, um für die YouTube-Video-ID 57dzaMaouXA &quot;Gefällt mir&quot; auszuwählen:&#xA;YouTube!Bewertung(&quot;57dzaMaouXA&quot;,&quot;like&quot;)" siena:displayName="Bewertung" />
          <doc xml:lang="es-es" title="Agregar una calificación de “Me gusta” o “No me gusta” a un vídeo o quitar una calificación de un vídeo. Por ejemplo, para decir que le gusta el vídeo de YouTube con id. 57dzaMaouXA use:&#xA;YouTube!Calificar(&quot;57dzaMaouXA&quot;,&quot;me gusta&quot;)" siena:displayName="Calificar" />
          <doc xml:lang="fr-fr" title="Ajouter un J'aime ou Je n'aime pas à une vidéo, ou le supprimer d'une vidéo. Par exemple, pour ajouter un J'aime à la vidéo YouTube ayant l'ID 57dzaMaouXA, utiliser :&#xA;YouTube!Note(&quot;57dzaMaouXA&quot;,&quot;like&quot;)" siena:displayName="Note" />
          <doc xml:lang="it-it" title="Consente di aggiungere una valutazione di tipo Mi piace o Non mi piace per un video o di rimuovere una valutazione da un video. Ad esempio, per aggiungere la valutazione Mi piace per il video di YouTube con ID 57dzaMaouXA, usare:&#xD;&#xA;YouTube!Valuta(&quot;57dzaMaouXA&quot;,&quot;Mi Piace&quot;)" siena:displayName="Valuta" />
          <doc xml:lang="ja-jp" title="動画に対して良いまたは悪いの評価を追加、あるいは動画から評価を削除。たとえば、YouTube の動画 ID 57dzaMaouXA を &quot;いいね!&quot; にするには &#xA;YouTube!Rate(&quot;57dzaMaouXA&quot;,&quot;like&quot;) を使用します。" siena:displayName="Rate" />
          <doc xml:lang="ko-kr" title="비디오에 좋아요 또는 싫어요 등급을 추가하거나, 비디오에서 등급을 제거합니다. 예를 들어 YouTube video-id 57dzaMaouXA에 좋아요 표시하려면 다음을 사용합니다.&#xA;YouTube!평가(&quot;57dzaMaouXA&quot;,&quot;like&quot;)" siena:displayName="Rate" />
          <doc xml:lang="pt-br" title="Adicionar um classificação Curtir ou Descurtir para um vídeo ou remover uma classificação de um vídeo. Por exemplo, para curtir o vídeo do YouTube com ID 57dzaMaouXA, use:&#xA;YouTube!Tarifa(&quot;57dzaMaouXA&quot;,&quot;like&quot;)" siena:displayName="Tarifa" />
          <doc xml:lang="ru-ru" title="Добавить оценку &quot;понравилось&quot; или &quot;не понравилось&quot; для видео или удалить оценку видео. Например, чтобы поставить оценку &quot;понравилось&quot; для video-id 57dzaMaouXA YouTube используйте следующее:&#xA;YouTube!Оценить(&quot;57dzaMaouXA&quot;,&quot;понравилось&quot;)" siena:displayName="Оценить" />
          <doc xml:lang="zh-cn" title="为视频添加喜欢或不喜欢评级，或从视频删除评级。例如，若要喜欢 YouTube video-id 57dzaMaouXA，请使用:&#xA;YouTube!评级(&quot;57dzaMaouXA&quot;,&quot;like&quot;)" siena:displayName="Rate" />
          <doc xml:lang="zh-tw" title="為影片加上讚或不喜歡的評分，或是移除對影片的評分。例如，若要對 YouTube 影片 ID 57dzaMaouXA 按讚，請使用:&#xA;YouTube!評分(&quot;57dzaMaouXA&quot;,&quot;like&quot;)" siena:displayName="Rate" />
          <request>
            <param name="accept" style="header" fixed="application/json" required="true" />
            <param name="id" style="query" type="xs:string" siena:sampleDefault="57dzaMaouXA" required="true">
              <doc title="A YouTube video ID." />
              <doc xml:lang="de-de" title="Eine YouTube-Video-ID." />
              <doc xml:lang="es-es" title="Id. de vídeo de YouTube." />
              <doc xml:lang="fr-fr" title="ID d'une vidéo YouTube." />
              <doc xml:lang="it-it" title="ID del video di YouTube." />
              <doc xml:lang="ja-jp" title="YouTube の動画 ID。" />
              <doc xml:lang="ko-kr" title="YouTube 비디오 ID입니다." />
              <doc xml:lang="pt-br" title="A ID do vídeo do YouTube." />
              <doc xml:lang="ru-ru" title="Идентификатор видео YouTube." />
              <doc xml:lang="zh-cn" title="YouTube 视频 ID。" />
              <doc xml:lang="zh-tw" title="YouTube 影片 ID。" />
            </param>
            <param name="rating" style="query" type="xs:string" siena:sampleDefault="like" required="true">
              <doc title="The rating to record." />
              <doc xml:lang="de-de" title="Die aufzuzeichnende Bewertung." />
              <doc xml:lang="es-es" title="Calificación que se registra." />
              <doc xml:lang="fr-fr" title="Évaluation à enregistrer." />
              <doc xml:lang="it-it" title="La valutazione da registrare." />
              <doc xml:lang="ja-jp" title="記録する評価。" />
              <doc xml:lang="ko-kr" title="녹화할 등급입니다." />
              <doc xml:lang="pt-br" title="A classificação a ser gravada." />
              <doc xml:lang="ru-ru" title="Оценка для записи." />
              <doc xml:lang="zh-cn" title="要记录的评级。" />
              <doc xml:lang="zh-tw" title="要記錄的評分。" />
              <option value="dislike" />
              <option value="like" />
              <option value="none" />
            </param>
          </request>
        </method>
      </resource>
      <resource path="getRating">
        <method name="GET" id="Ratings" siena:requiresAuthentication="true">
          <doc siena:displayName="Ratings" title="Ratings for a list of YouTube videos rated by the user. For example, to view ratings for YouTube video-id 57dzaMaouXA use:&#xA;YouTube!Ratings(&quot;57dzaMaouXA&quot;)" />
          <doc xml:lang="de-de" title="Bewertungen für eine Liste der vom Benutzer bewerteten YouTube-Videos. Verwenden Sie beispielsweise den folgenden Befehl, um Bewertungen für die YouTube-Video-ID 57dzaMaouXA anzuzeigen:&#xA;YouTube!Bewertungen(&quot;57dzaMaouXA&quot;)" siena:displayName="Bewertungen" />
          <doc xml:lang="es-es" title="Calificaciones para una lista de vídeos de YouTube calificados por el usuario. Por ejemplo, para ver las calificaciones del vídeo de YouTube con id. 57dzaMaouXA use:&#xA;YouTube!Calificaciones(&quot;57dzaMaouXA&quot;)" siena:displayName="Calificaciones" />
          <doc xml:lang="fr-fr" title="Évaluations d'une liste de vidéos effectuées par l'utilisateur. Par exemple, pour afficher les évaluations de la vidéo YouTube ayant l'ID 57dzaMaouXA, utiliser :&#xA;YouTube!Évaluations(&quot;57dzaMaouXA&quot;)" siena:displayName="Évaluations" />
          <doc xml:lang="it-it" title="Visualizza le valutazioni di un elenco di video di YouTube valutati dall'utente. Ad esempio, per visualizzare le valutazioni per il video di YouTube con ID 57dzaMaouXA, usare:&#xD;&#xA;YouTube!Valutazioni(&quot;57dzaMaouXA&quot;)" siena:displayName="Valutazioni" />
          <doc xml:lang="ja-jp" title="ユーザーによって評価された YouTube 動画の一覧の評価。たとえば、YouTube の動画 ID 57dzaMaouXA の評価を表示するには &#xA;YouTube!Ratings(&quot;57dzaMaouXA&quot;) を使用します。" siena:displayName="Ratings" />
          <doc xml:lang="ko-kr" title="사용자가 등급을 매긴 YouTube 비디오 목록의 등급입니다. 예를 들어 YouTube video-id 57dzaMaouXA에 대한 등급을 보려면 다음을 사용합니다.&#xA;YouTube!등급(&quot;57dzaMaouXA&quot;)" siena:displayName="Ratings" />
          <doc xml:lang="pt-br" title="Avaliações para uma lista de vídeos do YouTube classificados pelo usuário. Por exemplo, para ver as classificações do vídeo do YouTube com ID 57dzaMaouXA, use:&#xA;YouTube!Classificações(&quot;57dzaMaouXA&quot;)" siena:displayName="Classificações" />
          <doc xml:lang="ru-ru" title="Оценки для списка видео YouTube, поставленные пользователем. Например, для просмотра оценок video-id 57dzaMaouXA YouTube используйте следующее:&#xA;YouTube!Оценки(&quot;57dzaMaouXA&quot;)" siena:displayName="Оценки" />
          <doc xml:lang="zh-cn" title="用户评定的 YouTube 视频列表的评级。例如，若要查看 YouTube video-id 57dzaMaouXA 的评级，请使用:&#xA;YouTube!评级(&quot;57dzaMaouXA&quot;)" siena:displayName="Ratings" />
          <doc xml:lang="zh-tw" title="由使用者評分之 YouTube 影片的清單之評分。例如，若要檢視 YouTube 影片 ID 57dzaMaouXA 的評分，請使用:&#xA;YouTube!評分(&quot;57dzaMaouXA&quot;)" siena:displayName="Ratings" />
          <request>
            <param name="accept" style="header" fixed="application/json" required="true" />
            <param name="id" style="query" type="xs:string" required="true" siena:sampleDefault="57dzaMaouXA">
              <doc title="A YouTube video ID." />
              <doc xml:lang="de-de" title="Eine YouTube-Video-ID." />
              <doc xml:lang="es-es" title="Id. de vídeo de YouTube." />
              <doc xml:lang="fr-fr" title="ID d'une vidéo YouTube." />
              <doc xml:lang="it-it" title="ID del video di YouTube." />
              <doc xml:lang="ja-jp" title="YouTube の動画 ID。" />
              <doc xml:lang="ko-kr" title="YouTube 비디오 ID입니다." />
              <doc xml:lang="pt-br" title="A ID do vídeo do YouTube." />
              <doc xml:lang="ru-ru" title="Идентификатор видео YouTube." />
              <doc xml:lang="zh-cn" title="YouTube 视频 ID。" />
              <doc xml:lang="zh-tw" title="YouTube 影片 ID。" />
            </param>
          </request>
          <response siena:resultForm="single">
            <representation mediaType="application/json">
              <param style="plain" name="foo" path="/items" type="youtube:RatingsArray" />
            </representation>
          </response>
        </method>
      </resource>
    </resource>
    <resource path="videoCategories">
      <method name="GET" id="VideoCategories" siena:requiresAuthentication="true">
        <doc siena:displayName="VideoCategories" title="List of categories for YouTube videos in a region. For example, to view video categories for US region use:&#xA;YouTube!VideoCategories(&quot;us&quot;)" />
        <doc xml:lang="de-de" title="Liste der Kategorien für YouTube-Videos in einer Region. Verwenden Sie beispielsweise den folgenden Befehl, um Videokategorien für die Region USA anzuzeigen:&#xA;YouTube!Videokategorien(&quot;us&quot;)" siena:displayName="Videokategorien" />
        <doc xml:lang="es-es" title="Lista de categorías de vídeos de YouTube en una región. Por ejemplo, para ver las categorías de vídeos de la región de Estados Unidos (US), use:&#xA;YouTube!CategoríasDeVídeo(&quot;us&quot;)" siena:displayName="CategoríasDeVídeo" />
        <doc xml:lang="fr-fr" title="Liste des catégories de vidéos YouTube disponibles dans une région. Par exemple, pour afficher les catégories de vidéos de la région des États-Unis, utiliser :&#xA;YouTube!CatégoriesVidéos(&quot;us&quot;)" siena:displayName="CatégoriesVidéos" />
        <doc xml:lang="it-it" title="Visualizza l'elenco delle categorie per i video di YouTube in un'area geografica. Ad esempio, per visualizzare le categorie di video per l'area geografica degli Stati Uniti, usare:&#xD;&#xA;YouTube!CategorieVideo(&quot;us&quot;)" siena:displayName="CategorieVideo" />
        <doc xml:lang="ja-jp" title="地域ごとの YouTube 動画のカテゴリの一覧。たとえば、米国内の動画カテゴリを表示するには &#xA;YouTube!VideoCategories(&quot;us&quot;) を使用します。" siena:displayName="VideoCategories" />
        <doc xml:lang="ko-kr" title="지역에서 YouTube 비디오에 사용하는 범주 목록입니다. 예를 들어 미국 지역의 비디오 범주를 보려면 다음을 사용합니다.&#xA;YouTube!비디오범주(&quot;us&quot;)" siena:displayName="VideoCategories" />
        <doc xml:lang="pt-br" title="Lista de categorias de vídeos do YouTube em uma região. Por exemplo, para ver as categorias de vídeo da região dos EUA, use:&#xA;YouTube!CategoriasDeVídeo(&quot;us&quot;)" siena:displayName="CategoriasDeVídeo" />
        <doc xml:lang="ru-ru" title="Список категорий для видео YouTube в регионе. Например, для просмотра категорий видео для региона США используйте следующее:&#xA;YouTube!КатегорииВидео(&quot;us&quot;)" siena:displayName="КатегорииВидео" />
        <doc xml:lang="zh-cn" title="区域中 YouTube 视频的类别的列表。例如，若要查看 US 区域的视频类别，请使用:&#xA;YouTube!视频类别(&quot;us&quot;)" siena:displayName="VideoCategories" />
        <doc xml:lang="zh-tw" title="某地區 YouTube 影片的類別清單。例如，若要檢視美國地區的影片類別，請使用:&#xA;YouTube!影片類別(&quot;us&quot;)" siena:displayName="VideoCategories" />
        <request>
          <param name="accept" style="header" fixed="application/json" required="true" />
          <param name="part" style="query" type="xs:string" required="true" fixed="snippet" />
          <param name="regionCode" style="query" type="xs:string" required="true" siena:sampleDefault="US">
            <doc title="An ISO 3166-1 alpha-2 country code for which resources are being returned." />
            <doc xml:lang="de-de" title="Ein ALPHA-2-Ländercode nach ISO 3166-1, für den Ressourcen zurückgegeben werden." />
            <doc xml:lang="es-es" title="Código de país ISO 3166-1 alpha-2 para el que se devuelven los recursos." />
            <doc xml:lang="fr-fr" title="Code de pays alpha-2 ISO 3166-1 pour lequel les ressources sont retournées." />
            <doc xml:lang="it-it" title="Codice paese ISO 3166-1 alpha-2 per il quale vengono restituite le risorse." />
            <doc xml:lang="ja-jp" title="リソースが返される ISO 3166-1 alpha-2 国コード。" />
            <doc xml:lang="ko-kr" title="반환되는 리소스에 대한 ISO 3166-1 알파-2 국가 코드입니다." />
            <doc xml:lang="pt-br" title="Um código de país ISO 3166-1 alpha-2 para o qual recursos estão sendo retornados." />
            <doc xml:lang="ru-ru" title="Код страны ISO 3166-1 alpha-2, которому возвращаются ресурсы." />
            <doc xml:lang="zh-cn" title="为其返回资源的 ISO 3166-1 alpha-2 国家/地区代码。" />
            <doc xml:lang="zh-tw" title="傳回其資源的 ISO 3166-1 alpha-2 國碼/地區碼。" />
            <option value="us" />
            <option value="jp" />
            <option value="de" />
            <option value="fr" />
            <option value="gb" />
          </param>
        </request>
        <response siena:resultForm="single">
          <representation mediaType="application/json">
            <param style="plain" name="foo" path="/items" type="youtube:CategoriesArray" />
          </representation>
        </response>
      </method>
    </resource>
    <resource path="guideCategories">
      <method name="GET" id="ChannelCategories" siena:requiresAuthentication="true">
        <doc siena:displayName="ChannelCategories" title="List of categories for YouTube channels in a region. For example, to view channel categories for US region use:&#xA;YouTube!ChannelCategories(&quot;us&quot;)" />
        <doc xml:lang="de-de" title="Liste der Kategorien für YouTube-Kanäle in einer Region. Verwenden Sie beispielsweise den folgenden Befehl, um Kanalkategorien für die Region USA anzuzeigen:&#xA;YouTube!Kanalkategorien(&quot;us&quot;)" siena:displayName="Kanalkategorien" />
        <doc xml:lang="es-es" title="Lista de categorías de canales de YouTube en una región. Por ejemplo, para ver las categorías de canales en la región de Estados Unidos (US), use:&#xA;YouTube!CategoríasDelCanal(&quot;us&quot;)" siena:displayName="CategoríasDelCanal" />
        <doc xml:lang="fr-fr" title="Liste des catégories de chaînes YouTube disponibles dans une région. Par exemple, pour afficher les catégories de chaînes de la région des États-Unis, utiliser :&#xA;YouTube!CatégoriesChaînes(&quot;us&quot;)" siena:displayName="CatégoriesChaînes" />
        <doc xml:lang="it-it" title="Visualizza l'elenco delle categorie per i canali di YouTube in un'area geografica. Ad esempio, per visualizzare le categorie di canali per l'area geografica degli Stati Uniti, usare:&#xD;&#xA;YouTube!CategorieCanali(&quot;us&quot;)" siena:displayName="CategorieCanali" />
        <doc xml:lang="ja-jp" title="地域ごとの YouTube チャンネルのカテゴリの一覧。たとえば、米国内のチャンネル カテゴリを表示するには &#xA;YouTube!ChannelCategories(&quot;us&quot;) を使用します。" siena:displayName="ChannelCategories" />
        <doc xml:lang="ko-kr" title="지역에서 YouTube 채널에 사용하는 범주 목록입니다. 예를 들어 미국 지역의 채널 범주를 보려면 다음을 사용합니다.&#xA;YouTube!채널범주(&quot;us&quot;)" siena:displayName="ChannelCategories" />
        <doc xml:lang="pt-br" title="Lista de categorias para canais do YouTube em uma região. Por exemplo, para ver as categorias de canais da região dos EUA, use:&#xA;YouTube!CategoriasDoCanal(&quot;us&quot;)" siena:displayName="CategoriasDoCanal" />
        <doc xml:lang="ru-ru" title="Список категорий каналов YouTube в регионе. Например, для просмотра категорий канала для региона США используйте следующее:&#xA;YouTube!КатегорииКаналов(&quot;us&quot;)" siena:displayName="КатегорииКаналов" />
        <doc xml:lang="zh-cn" title="某个区域中 YouTube 频道的类别的列表。例如，若要查看 US 区域的频道类别，请使用:&#xA;YouTube!频道类别(&quot;us&quot;)" siena:displayName="ChannelCategories" />
        <doc xml:lang="zh-tw" title="某地區 YouTube 頻道的類別清單。例如，若要檢視美國地區的頻道類別，請使用:&#xA;YouTube!頻道類別(&quot;us&quot;)" siena:displayName="ChannelCategories" />
        <request>
          <param name="accept" style="header" fixed="application/json" required="true" />
          <param name="part" style="query" type="xs:string" required="true" fixed="snippet" />
          <param name="regionCode" style="query" type="xs:string" required="true" siena:sampleDefault="US">
            <doc title="An ISO 3166-1 alpha-2 country code for which resources are being returned." />
            <doc xml:lang="de-de" title="Ein ALPHA-2-Ländercode nach ISO 3166-1, für den Ressourcen zurückgegeben werden." />
            <doc xml:lang="es-es" title="Código de país ISO 3166-1 alpha-2 para el que se devuelven los recursos." />
            <doc xml:lang="fr-fr" title="Code de pays alpha-2 ISO 3166-1 pour lequel les ressources sont retournées." />
            <doc xml:lang="it-it" title="Codice paese ISO 3166-1 alpha-2 per il quale vengono restituite le risorse." />
            <doc xml:lang="ja-jp" title="リソースが返される ISO 3166-1 alpha-2 国コード。" />
            <doc xml:lang="ko-kr" title="반환되는 리소스에 대한 ISO 3166-1 알파-2 국가 코드입니다." />
            <doc xml:lang="pt-br" title="Um código de país ISO 3166-1 alpha-2 para o qual recursos estão sendo retornados." />
            <doc xml:lang="ru-ru" title="Код страны ISO 3166-1 alpha-2, которому возвращаются ресурсы." />
            <doc xml:lang="zh-cn" title="为其返回资源的 ISO 3166-1 alpha-2 国家/地区代码。" />
            <doc xml:lang="zh-tw" title="傳回其資源的 ISO 3166-1 alpha-2 國碼/地區碼。" />
            <option value="us" />
            <option value="jp" />
            <option value="de" />
            <option value="fr" />
            <option value="gb" />
          </param>
        </request>
        <response siena:resultForm="single">
          <representation mediaType="application/json">
            <param style="plain" name="foo" path="/items" type="youtube:CategoriesArray" />
          </representation>
        </response>
      </method>
    </resource>
    <resource path="channels">
      <method name="GET" id="Channels" siena:requiresAuthentication="true">
        <doc siena:displayName="Channels" title="Collection of channels in a given channel category. For example, to view collection of channels for channel categoryId GCQmVzdCBvZiBZb3VUdWJl use:&#xA;YouTube!Channels(&quot;GCQmVzdCBvZiBZb3VUdWJl&quot;)" />
        <doc xml:lang="de-de" title="Auflistung von Kanälen in einer bestimmten Kanalkategorie. Verwenden Sie beispielsweise den folgenden Befehl, um eine Auflistung der Kanäle für die Kanalkategorie-ID GCQmVzdCBvZiBZb3VUdWJl anzuzeigen:&#xA;YouTube!Kanäle(&quot;GCQmVzdCBvZiBZb3VUdWJl&quot;)" siena:displayName="Kanäle" />
        <doc xml:lang="es-es" title="Colección de canales en una categoría de canal dada. Por ejemplo, para ver la colección de canales de la categoría con id. GCQmVzdCBvZiBZb3VUdWJl, use:&#xA;YouTube!Canales(&quot;GCQmVzdCBvZiBZb3VUdWJl&quot;)" siena:displayName="Canales" />
        <doc xml:lang="fr-fr" title="Ensemble de chaînes disponibles dans une catégorie de chaînes donnée. Par exemple, pour afficher l'ensemble des chaînes de la catégorie de chaînes ayant l'ID GCQmVzdCBvZiBZb3VUdWJl, utiliser :&#xA;YouTube!Chaînes(&quot;GCQmVzdCBvZiBZb3VUdWJl&quot;)" siena:displayName="Chaînes" />
        <doc xml:lang="it-it" title="Raccolta di canali in una categoria di canali indicata. Ad esempio, per visualizzare la raccolta di canali per l'ID categoria GCQmVzdCBvZiBZb3VUdWJl, usare:&#xD;&#xA;YouTube!Canali(&quot;GCQmVzdCBvZiBZb3VUdWJl&quot;)" siena:displayName="Canali" />
        <doc xml:lang="ja-jp" title="指定されたチャンネル カテゴリ内のチャンネルのコレクション。たとえば、チャンネル カテゴリ ID GCQmVzdCBvZiBZb3VUdWJl のチャンネルのコレクションを表示するには、&#xA;YouTube!Channels(&quot;GCQmVzdCBvZiBZb3VUdWJl&quot;) を使用します。" siena:displayName="Channels" />
        <doc xml:lang="ko-kr" title="제공된 채널 범주에 있는 채널 컬렉션입니다. 예를 들어 categoryId GCQmVzdCBvZiBZb3VUdWJl 채널에 대한 채널 컬렉션을 보려면 다음을 사용합니다.&#xA;YouTube!채널(&quot;GCQmVzdCBvZiBZb3VUdWJl&quot;)" siena:displayName="Channels" />
        <doc xml:lang="pt-br" title="Coleção de canais em uma determinada categoria de canal. Por exemplo, para ver a coleção de canais do canal com ID de categoria GCQmVzdCBvZiBZb3VUdWJl, use:&#xA;YouTube!Canais(&quot;GCQmVzdCBvZiBZb3VUdWJl&quot;)" siena:displayName="Canais" />
        <doc xml:lang="ru-ru" title="Коллекция каналов в указанной категории каналов. Например, для просмотра коллекции каналов categoryId GCQmVzdCBvZiBZb3VUdWJl используйте следующее:&#xA;YouTube!Каналы(&quot;GCQmVzdCBvZiBZb3VUdWJl&quot;)" siena:displayName="Каналы" />
        <doc xml:lang="zh-cn" title="给定频道类别中的频道的集合。例如，若要查看频道 categoryId GCQmVzdCBvZiBZb3VUdWJl 的频道的集合，请使用:&#xA;YouTube!频道(&quot;GCQmVzdCBvZiBZb3VUdWJl&quot;)" siena:displayName="Channels" />
        <doc xml:lang="zh-tw" title="指定之頻道類別中的頻道集合。例如，若要檢視類別 ID 為 GCQmVzdCBvZiBZb3VUdWJl 的頻道集合，請使用:&#xA;YouTube!頻道(&quot;GCQmVzdCBvZiBZb3VUdWJl&quot;)" siena:displayName="Channels" />
        <request>
          <param name="accept" style="header" fixed="application/json" required="true" />
          <param name="part" style="query" type="xs:string" required="true" fixed="snippet" />
          <param name="categoryId" style="query" type="xs:string" required="true" siena:sampleDefault="GCQmVzdCBvZiBZb3VUdWJl">
            <doc title="A YouTube guide category ID for which resources are being returned." />
            <doc xml:lang="de-de" title="Eine YouTube-guideCategory-ID, für die Ressourcen zurückgegeben werden." />
            <doc xml:lang="es-es" title="Id. de categoría guía de YouTube para el que se devuelven los recursos." />
            <doc xml:lang="fr-fr" title="ID de la catégorie de référence YouTube pour laquelle les ressources sont retournées." />
            <doc xml:lang="it-it" title="ID categoria della guida di YouTube per il quale vengono restituite le risorse." />
            <doc xml:lang="ja-jp" title="リソースが返される YouTube ガイドのカテゴリ ID。" />
            <doc xml:lang="ko-kr" title="반환되는 리소스에 대한 YouTube 안내 범주 ID입니다." />
            <doc xml:lang="pt-br" title="A ID de categoria de guia do YouTube para a qual recursos estão sendo retornados." />
            <doc xml:lang="ru-ru" title="Идентификатор руководств YouTube, которому возвращаются ресурсы." />
            <doc xml:lang="zh-cn" title="为其返回资源的 YouTube 指导类别 ID。" />
            <doc xml:lang="zh-tw" title="傳回其資源之 YouTube 指南類別 ID。" />
          </param>
          <param name="maxResults" style="query" type="xs:int" fixed="50" />
        </request>
        <response siena:resultForm="single">
          <representation mediaType="application/json">
            <param style="plain" name="foo" path="/items" type="youtube:ChannelsArray" />
          </representation>
        </response>
      </method>
    </resource>
    <resource path="playlists">
      <method name="GET" id="ChannelPlaylists" siena:requiresAuthentication="true">
        <doc siena:displayName="ChannelPlaylists" title="List of playlists in the specified YouTube channel. For example, to view playlists for channelId UCBR8-60-B28hp2BmDPdntcQ use:&#xA;YouTube!ChannelPlaylists(&quot;UCBR8-60-B28hp2BmDPdntcQ&quot;)" />
        <doc xml:lang="de-de" title="Liste der Playlists im angegebenen YouTube-Kanal. Verwenden Sie beispielsweise den folgenden Befehl, um Playlists für die Kanal-ID UCBR8-60-B28hp2BmDPdntcQ anzuzeigen:&#xA;YouTube!KanalPlaylists(&quot;UCBR8-60-B28hp2BmDPdntcQ&quot;)" siena:displayName="KanalPlaylists" />
        <doc xml:lang="es-es" title="Lista de listas de reproducción del canal de YouTube especificado. Por ejemplo, para ver las listas de reproducción para el canal con id. UCBR8-60-B28hp2BmDPdntcQ, use:&#xA;YouTube!ListasDeReproducciónDelCanal(&quot;UCBR8-60-B28hp2BmDPdntcQ&quot;)" siena:displayName="ListasDeReproducciónDelCanal" />
        <doc xml:lang="fr-fr" title="Liste des playlists disponibles dans la chaîne YouTube spécifiée. Par exemple, pour afficher les playlists de la chaîne ayant l'ID UCBR8-60-B28hp2BmDPdntcQ, utiliser :&#xA;YouTube!PlaylistsChaîne(&quot;UCBR8-60-B28hp2BmDPdntcQ&quot;)" siena:displayName="PlaylistsChaîne" />
        <doc xml:lang="it-it" title="Visualizza l'elenco delle playlist nel canale di YouTube specificato. Ad esempio, per visualizzare le playlist per l'ID canale UCBR8-60-B28hp2BmDPdntcQ, usare:&#xD;&#xA;YouTube!PlaylistCanale(&quot;UCBR8-60-B28hp2BmDPdntcQ&quot;)" siena:displayName="PlaylistCanale" />
        <doc xml:lang="ja-jp" title="指定された YouTube チャンネルの再生リストの一覧。たとえば、チャンネル ID UCBR8-60-B28hp2BmDPdntcQ の再生リストを表示するには &#xA;YouTube!ChannelPlaylists(&quot;UCBR8-60-B28hp2BmDPdntcQ&quot;) を使用します。" siena:displayName="ChannelPlaylists" />
        <doc xml:lang="ko-kr" title="지정한 YouTube 채널의 재생 목록입니다. 예를 들어 channelId UCBR8-60-B28hp2BmDPdntcQ에 대한 재생 목록을 보려면 다음을 사용합니다.&#xA;YouTube!채널재생목록(&quot;UCBR8-60-B28hp2BmDPdntcQ&quot;)" siena:displayName="ChannelPlaylists" />
        <doc xml:lang="pt-br" title="Relação de listas de reprodução no canal do YouTube especificado. Por exemplo, para ver as listas de reprodução de channelId UCBR8-60-B28hp2BmDPdntcQ, use:&#xA;YouTube!ListasDeReproduçãoDoCanal(&quot;UCBR8-60-B28hp2BmDPdntcQ&quot;)" siena:displayName="ListasDeReproduçãoDoCanal" />
        <doc xml:lang="ru-ru" title="Список плей-листов определенного канала YouTube. Например, для просмотра плей-листов channelId UCBR8-60-B28hp2BmDPdntcQ используйте следующее:&#xA;YouTube!ПлейлистыКанала(&quot;UCBR8-60-B28hp2BmDPdntcQ&quot;)" siena:displayName="ПлейлистыКанала" />
        <doc xml:lang="zh-cn" title="指定 YouTube 频道中的播放列表的列表。例如，若要查看 channelId UCBR8-60-B28hp2BmDPdntcQ 的播放列表，请使用:&#xA;YouTube!频道播放列表(&quot;UCBR8-60-B28hp2BmDPdntcQ&quot;)" siena:displayName="ChannelPlaylists" />
        <doc xml:lang="zh-tw" title="指定的 YouTube 頻道中之播放清單。例如，若要檢視頻道 ID 為 UCBR8-60-B28hp2BmDPdntcQ 的播放清單，請使用:&#xA;YouTube!頻道播放清單(&quot;UCBR8-60-B28hp2BmDPdntcQ&quot;)" siena:displayName="ChannelPlaylists" />
        <request>
          <param name="accept" style="header" fixed="application/json" required="true" />
          <param name="part" style="query" type="xs:string" required="true" fixed="snippet" />
          <param name="channelId" style="query" type="xs:string" required="true" siena:sampleDefault="UCBR8-60-B28hp2BmDPdntcQ">
            <doc title="A channel ID for which the resource(s) are being returned." />
            <doc xml:lang="de-de" title="Eine Kanal-ID, für die Ressourcen zurückgegeben werden." />
            <doc xml:lang="es-es" title="Id. de canal para el que se devuelven los recursos." />
            <doc xml:lang="fr-fr" title="ID de la chaîne pour laquelle les ressources sont retournées." />
            <doc xml:lang="it-it" title="ID canale per il quale vengono restituite le risorse." />
            <doc xml:lang="ja-jp" title="リソースが返されるチャンネル ID。" />
            <doc xml:lang="ko-kr" title="반환되는 리소스에 대한 채널 ID입니다." />
            <doc xml:lang="pt-br" title="A ID de canal para a qual recursos estão sendo retornados." />
            <doc xml:lang="ru-ru" title="Идентификатор канала, которому возвращаются ресурсы." />
            <doc xml:lang="zh-cn" title="为其返回资源的频道 ID。" />
            <doc xml:lang="zh-tw" title="傳回其資源的頻道 ID。" />
          </param>
          <param name="maxResults" style="query" type="xs:int" fixed="50" />
        </request>
        <response siena:resultForm="single">
          <representation mediaType="application/json">
            <param style="plain" name="foo" path="/items" type="youtube:PlaylistsArray" />
          </representation>
        </response>
      </method>
    </resource>
    <resource path="playlistItems">
      <method name="GET" id="PlaylistItems" siena:requiresAuthentication="true">
        <doc siena:displayName="PlaylistItems" title="List of all of the playlist items in a specified YouTube playlist. For example, to view items for playlistId PLbpi6ZahtOH7_7oTBL277jvuncJClukoA use:&#xA;YouTube!PlaylistItems(&quot;PLbpi6ZahtOH7_7oTBL277jvuncJClukoA&quot;)" />
        <doc xml:lang="de-de" title="Liste aller Playlistelemente in einer bestimmten YouTube-Playlist. Verwenden Sie beispielsweise den folgenden Befehl, um Elemente für die Playlist-ID PLbpi6ZahtOH7_7oTBL277jvuncJClukoA anzuzeigen:&#xA;YouTube!Playlistenelemente(&quot;PLbpi6ZahtOH7_7oTBL277jvuncJClukoA&quot;)" siena:displayName="Playlistenelemente" />
        <doc xml:lang="es-es" title="Lista de todos los elementos de una lista de reproducción de YouTube especificada. Por ejemplo, para ver los elementos de la lista de reproducción con id. PLbpi6ZahtOH7_7oTBL277jvuncJClukoA use:&#xA;YouTube!ElementosDeListaDeReproducción(&quot;PLbpi6ZahtOH7_7oTBL277jvuncJClukoA&quot;)" siena:displayName="ElementosDeListaDeReproducción" />
        <doc xml:lang="fr-fr" title="Liste de tous les éléments contenus dans une playlist YouTube spécifique. Par exemple, pour afficher les éléments de la playlist ayant l'ID PLbpi6ZahtOH7_7oTBL277jvuncJClukoA, utiliser :&#xA;YouTube!ÉlémentsDePlaylist(&quot;PLbpi6ZahtOH7_7oTBL277jvuncJClukoA&quot;)" siena:displayName="ÉlémentsDePlaylist" />
        <doc xml:lang="it-it" title="Visualizza l'elenco di tutti gli elementi di una playlist di YouTube specificata. Ad esempio, per visualizzare gli elementi della playlist con ID PLbpi6ZahtOH7_7oTBL277jvuncJClukoA, usare:&#xD;&#xA;YouTube!ElementiPlaylist(&quot;PLbpi6ZahtOH7_7oTBL277jvuncJClukoA&quot;)" siena:displayName="ElementiPlaylist" />
        <doc xml:lang="ja-jp" title="指定された YouTube 再生リスト内のすべての再生リスト項目の一覧。たとえば、再生リスト ID PLbpi6ZahtOH7_7oTBL277jvuncJClukoA の項目を表示するには &#xA;YouTube!PlaylistItems(&quot;PLbpi6ZahtOH7_7oTBL277jvuncJClukoA&quot;) を使用します。" siena:displayName="PlaylistItems" />
        <doc xml:lang="ko-kr" title="지정한 YouTube 재생 목록에 대한 재생 목록 항목의 전체 목록입니다. 예를 들어 playlistId PLbpi6ZahtOH7_7oTBL277jvuncJClukoA에 대한 항목을 보려면 다음을 사용합니다.&#xA;YouTube!재생목록항목(&quot;PLbpi6ZahtOH7_7oTBL277jvuncJClukoA&quot;)" siena:displayName="PlaylistItems" />
        <doc xml:lang="pt-br" title="Relação de todos os itens em uma lista de reprodução especificada do YouTube. Por exemplo, para ver os itens da lista de reprodução com ID PLbpi6ZahtOH7_7oTBL277jvuncJClukoA, use:&#xA;YouTube!ItensdaListaDeReprodução(&quot;PLbpi6ZahtOH7_7oTBL277jvuncJClukoA&quot;)" siena:displayName="ItensdaListaDeReprodução" />
        <doc xml:lang="ru-ru" title="Список всех элементов плей-листа в указанном плей-листе YouTube. Например, для просмотра элементов playlistId PLbpi6ZahtOH7_7oTBL277jvuncJClukoA используйте следующее:&#xA;YouTube!ЭлементыПлейлиста(&quot;PLbpi6ZahtOH7_7oTBL277jvuncJClukoA&quot;)" siena:displayName="ЭлементыПлейлиста" />
        <doc xml:lang="zh-cn" title="指定 YouTube 播放列表中的所有播放列表项目的列表。例如，若要查看 playlistId PLbpi6ZahtOH7_7oTBL277jvuncJClukoA 的项目，请使用:&#xA;YouTube!播放列表项目(&quot;PLbpi6ZahtOH7_7oTBL277jvuncJClukoA&quot;)" siena:displayName="PlaylistItems" />
        <doc xml:lang="zh-tw" title="在指定的 YouTube 播放清單中，所有播放清單項目的清單。例如，若要檢視播放清單 ID 為 PLbpi6ZahtOH7_7oTBL277jvuncJClukoA 的項目，請使用:&#xA;YouTube!播放清單項目(&quot;PLbpi6ZahtOH7_7oTBL277jvuncJClukoA&quot;)" siena:displayName="PlaylistItems" />
        <request>
          <param name="accept" style="header" fixed="application/json" required="true" />
          <param name="part" style="query" type="xs:string" required="true" fixed="snippet" />
          <param name="playlistId" style="query" type="xs:string" required="true" siena:sampleDefault="PLNA-j_cL4mUQfVcjrQiARsekT66OdqSPQ">
            <doc title="A comma separated list of playlist item IDs for which resource(s) are being returned." />
            <doc xml:lang="de-de" title="Eine durch Komma getrennte Liste von Playlistelement-IDs, für die Ressourcen zurückgegeben werden." />
            <doc xml:lang="es-es" title="Lista delimitada por comas de los id. de elementos de lista de reproducción para la que se devuelven los recursos." />
            <doc xml:lang="fr-fr" title="Liste séparée par des virgules des ID des éléments de playlist pour lesquels les ressources sont retournées." />
            <doc xml:lang="it-it" title="Elenco di valori separati da virgole degli ID degli elementi della playlist per i quali verranno restituite le risorse." />
            <doc xml:lang="ja-jp" title="リソースが返される、再生リスト項目 ID のカンマ区切りの一覧。" />
            <doc xml:lang="ko-kr" title="반환되는 리소스에 대해 쉼표로 구분된 재생 목록의 항목 ID 목록입니다." />
            <doc xml:lang="pt-br" title="Uma lista separada por vírgulas de IDs de item de lista de reprodução para as quais recursos estão sendo retornados." />
            <doc xml:lang="ru-ru" title="Список идентификаторов элементов плей-листа с разделителями-запятыми, ресурсы которого возвращаются." />
            <doc xml:lang="zh-cn" title="为其返回资源的播放列表项目 ID 的逗号分隔列表。" />
            <doc xml:lang="zh-tw" title="傳回其資源之播放項目 ID 的集合 (以逗號分隔)。" />
          </param>
          <param name="maxResults" style="query" type="xs:int" fixed="50" />
        </request>
        <response siena:resultForm="single">
          <representation mediaType="application/json">
            <param style="plain" name="foo" path="/items" type="youtube:PlaylistItemsArray" />
          </representation>
        </response>
      </method>
    </resource>
    <resource path="subscriptions">
      <method name="GET" id="UserSubscriptions" siena:requiresAuthentication="true">
        <doc siena:displayName="UserSubscriptions" title="List of channel subscriptions for an authorized user. For example, use:&#xA;YouTube!UserSubscriptions()" />
        <doc xml:lang="de-de" title="Liste der Kanalabonnements eines autorisierten Benutzers. Verwenden Sie beispielsweise den folgenden Befehl:&#xA;YouTube!Benutzerabonnements()" siena:displayName="Benutzerabonnements" />
        <doc xml:lang="es-es" title="Lista de suscripciones a canales de un usuario autorizado. Por ejemplo, use:&#xA;YouTube!SuscripcionesdeUsuarios()" siena:displayName="SuscripcionesdeUsuarios" />
        <doc xml:lang="fr-fr" title="Liste des abonnements à des chaînes pour un utilisateur autorisé. Par exemple, utiliser :&#xA;YouTube!AbonnementsUtilisateur()" siena:displayName="AbonnementsUtilisateur" />
        <doc xml:lang="it-it" title="Visualizza l'elenco delle sottoscrizioni dei canali per un utente autorizzato. Ad esempio, usare:&#xD;&#xA;YouTube!SottoscrizioniUtente()" siena:displayName="SottoscrizioniUtente" />
        <doc xml:lang="ja-jp" title="承認されたユーザーのチャンネル購読の一覧。たとえば、&#xA;YouTube!UserSubscriptions() を使用します。" siena:displayName="UserSubscriptions" />
        <doc xml:lang="ko-kr" title="권한 있는 사용자에 대한 채널 구독 목록입니다. 예를 들어 다음과 같이 사용합니다.&#xA;YouTube!사용자구독()" siena:displayName="UserSubscriptions" />
        <doc xml:lang="pt-br" title="Lista de assinaturas de canal para um usuário autorizado. Por exemplo, use:&#xA;YouTube!AssinaturasDeUsuários()" siena:displayName="AssinaturasDeUsuários" />
        <doc xml:lang="ru-ru" title="Список подписок канала для авторизованного пользователя. Например, используйте следующее:&#xA;YouTube!ПодпискиПользователя()" siena:displayName="ПодпискиПользователя" />
        <doc xml:lang="zh-cn" title="授权用户的频道订阅的列表。例如，请使用:&#xA;YouTube!用户订阅()" siena:displayName="UserSubscriptions" />
        <doc xml:lang="zh-tw" title="已授權的使用者之頻道訂閱清單。例如，請使用:&#xA;YouTube!使用者訂閱()" siena:displayName="UserSubscriptions" />
        <request>
          <param name="accept" style="header" fixed="application/json" required="true" />
          <param name="part" style="query" type="xs:string" required="true" fixed="snippet" />
          <param name="mine" style="query" type="xs:boolean" required="true" fixed="true" siena:sampleDefault="true" />
          <param name="maxResults" style="query" type="xs:int" fixed="50" />
        </request>
        <response siena:resultForm="single">
          <representation mediaType="application/json">
            <param style="plain" name="foo" path="/items" type="youtube:SubscriptionsArray" />
          </representation>
        </response>
      </method>
      <method name="POST" id="SubscribeToChannel" siena:requiresAuthentication="true" siena:disableTryIt="true">
        <doc siena:displayName="SubscribeToChannel" title="Subscribe to a YouTube channel. If subscribed already, the function returns &quot;subscriptionDuplicate&quot; error. For example, to subscribe to channelId UCBR8-60-B28hp2BmDPdntcQ use:&#xA;YouTube!SubscribeToChannel(&quot;UCBR8-60-B28hp2BmDPdntcQ&quot;)" />
        <doc xml:lang="de-de" title="Einen YouTube-Kanal abonnieren. Wenn bereits ein Abonnement besteht, wird der Fehler &quot;subscriptionDuplicate&quot; zurückgegeben. Verwenden Sie beispielsweise den folgenden Befehl, um die Kanal-ID UCBR8-60-B28hp2BmDPdntcQ zu abonnieren:&#xA;YouTube!KanalAbonnieren(&quot;UCBR8-60-B28hp2BmDPdntcQ&quot;)" siena:displayName="KanalAbonnieren" />
        <doc xml:lang="es-es" title="Subscribirse a un canal de YouTube. Si ya está suscrito, la función devuelve el error &quot;suscripciónDuplicada&quot;. Por ejemplo, para suscribirse a un canal con id. UCBR8-60-B28hp2BmDPdntcQ use:&#xA;YouTube!SuscribirseAlCanal(&quot;UCBR8-60-B28hp2BmDPdntcQ&quot;)" siena:displayName="SuscribirseAlCanal" />
        <doc xml:lang="fr-fr" title="S'abonner à une chaîne YouTube. Si cet abonnement existe déjà, la fonction retourne l'erreur &quot;subscriptionDuplicate&quot;. Par exemple, pour s'abonner à la chaîne ayant l'ID UCBR8-60-B28hp2BmDPdntcQ, utiliser :&#xA;YouTube!AbonnementChaîne(&quot;UCBR8-60-B28hp2BmDPdntcQ&quot;)" siena:displayName="AbonnementChaîne" />
        <doc xml:lang="it-it" title="Consente di effettuare la sottoscrizione di un canale YouTube. Se la sottoscrizione è già stata effettuata, la funzione restituisce un errore di tipo &quot;sottoscrizioneDuplicata&quot;. Ad esempio, per sottoscrivere il canale con ID UCBR8-60-B28hp2BmDPdntcQ, usare:&#xD;&#xA;YouTube!SottoscriviCanale(&quot;UCBR8-60-B28hp2BmDPdntcQ&quot;)" siena:displayName="SottoscriviCanale" />
        <doc xml:lang="ja-jp" title="YouTube チャンネルの購読。既に購読されている場合は、&quot;subscriptionDuplicate&quot; エラーが返されます。たとえば、チャンネル ID UCBR8-60-B28hp2BmDPdntcQ を購読するには &#xA;YouTube!SubscribeToChannel(&quot;UCBR8-60-B28hp2BmDPdntcQ&quot;) を使用します。" siena:displayName="SubscribeToChannel" />
        <doc xml:lang="ko-kr" title="YouTube 채널을 구독합니다. 이미 구독했으면 함수에서 &quot;subscriptionDuplicate&quot; 오류를 반환합니다. 예를 들어 channelId UCBR8-60-B28hp2BmDPdntcQ를 구독하려면 다음을 사용합니다.&#xA;YouTube!채널구독(&quot;UCBR8-60-B28hp2BmDPdntcQ&quot;)" siena:displayName="SubscribeToChannel" />
        <doc xml:lang="pt-br" title="Assinar um canal do YouTube. Se uma assinatura já tiver sido feita, a função retornará o erro &quot;subscriptionDuplicate&quot;. Por exemplo, para assinar o canal com ID UCBR8-60-B28hp2BmDPdntcQ, use:&#xA;YouTube!AssinarCanal(&quot;UCBR8-60-B28hp2BmDPdntcQ&quot;)" siena:displayName="AssinarCanal" />
        <doc xml:lang="ru-ru" title="Подписаться на канал YouTube. Если подписка уже существует, функция возвращает ошибку &quot;subscriptionDuplicate&quot;. Например, чтобы подписаться на channelId UCBR8-60-B28hp2BmDPdntcQ, используйте следующее:&#xA;YouTube!ПодписатьсяНаКанал(&quot;UCBR8-60-B28hp2BmDPdntcQ&quot;)" siena:displayName="ПодписатьсяНаКанал" />
        <doc xml:lang="zh-cn" title="订阅 YouTube 频道。如果已订阅，则函数返回“subscriptionDuplicate”错误。例如，若要订阅 channelId UCBR8-60-B28hp2BmDPdntcQ，请使用:&#xA;YouTube!订阅频道(&quot;UCBR8-60-B28hp2BmDPdntcQ&quot;)" siena:displayName="SubscribeToChannel" />
        <doc xml:lang="zh-tw" title="訂閱 YouTube 頻道。若已訂閱，此函式會傳回 &quot;subscriptionDuplicate&quot; 錯誤。例如，若要訂閱頻道 ID UCBR8-60-B28hp2BmDPdntcQ，請使用:&#xA;YouTube!訂閱頻道(&quot;UCBR8-60-B28hp2BmDPdntcQ&quot;)" siena:displayName="SubscribeToChannel" />
        <request>
          <param name="accept" style="header" fixed="application/json" required="true" />
          <param name="part" style="query" type="xs:string" required="true" fixed="snippet" />
          <representation mediaType="application/json">
            <param style="plain" name="kind" required="true" path="/snippet/resourceId/kind" fixed="youtube#channel" />
            <param style="plain" name="channelId" required="true" path="/snippet/resourceId/channelId" siena:sampleDefault="UCBR8-60-B28hp2BmDPdntcQ">
              <doc title="A channel ID for the resource that is being subscribed." />
              <doc xml:lang="de-de" title="Kanal-ID der Ressource, die abonniert wird." />
              <doc xml:lang="es-es" title="Id. de canal del recurso al que se está suscribiendo." />
              <doc xml:lang="fr-fr" title="ID de chaîne associé à la ressource faisant l'objet d'un abonnement." />
              <doc xml:lang="it-it" title="ID canale per il quale viene effettuata la sottoscrizione della risorsa." />
              <doc xml:lang="ja-jp" title="購読されているリソースのチャンネル ID。" />
              <doc xml:lang="ko-kr" title="구독하는 리소스에 대한 채널 ID입니다." />
              <doc xml:lang="pt-br" title="A ID do canal do recurso que está sendo assinado." />
              <doc xml:lang="ru-ru" title="Идентификатор канала для ресурса, на который выполняется подписка." />
              <doc xml:lang="zh-cn" title="所订阅的资源的频道 ID。" />
              <doc xml:lang="zh-tw" title="所訂閱之資源的頻道 ID。" />
            </param>
          </representation>
        </request>
        <response siena:resultForm="single">
          <representation mediaType="application/json">
            <param style="plain" name="foo" path="/items" type="youtube:SubscriptionsArray" />
          </representation>
        </response>
      </method>
      <method name="DELETE" id="UnSubscribeToChannel" siena:disableTryIt="true" siena:requiresAuthentication="true">
        <doc siena:displayName="UnSubscribeToChannel" title="UnSubscribe to a YouTube channel." />
        <doc xml:lang="de-de" title="Von einem YouTube-Kanal austragen." siena:displayName="KanalabonnementKündigen" />
        <doc xml:lang="es-es" title="Cancelar la suscripción a un canal de YouTube." siena:displayName="AnularSuscripciónAlCanal" />
        <doc xml:lang="fr-fr" title="Annuler l'abonnement à une chaîne YouTube." siena:displayName="AnnulerAbonnementChaîne" />
        <doc xml:lang="it-it" title="Consente di annullare la sottoscrizione di un canale di YouTube." siena:displayName="AnnullaSottoscrizioneCanale" />
        <doc xml:lang="ja-jp" title="YouTube チャンネルの購読取り消し。" siena:displayName="UnSubscribeToChannel" />
        <doc xml:lang="ko-kr" title="YouTube 채널을 구독 취소합니다." siena:displayName="UnSubscribeToChannel" />
        <doc xml:lang="pt-br" title="Cancelar a assinatura de um canal do YouTube." siena:displayName="CancelarAssinarCanal" />
        <doc xml:lang="ru-ru" title="Отписаться от канала YouTube." siena:displayName="ОтписатьсяОтКанала" />
        <doc xml:lang="zh-cn" title="取消订阅 YouTube 频道。" siena:displayName="UnSubscribeToChannel" />
        <doc xml:lang="zh-tw" title="取消訂閱 YouTube 頻道。" siena:displayName="UnSubscribeToChannel" />
        <request>
          <param name="accept" style="header" fixed="application/json" required="true" />
          <param name="id" style="query" type="xs:string" required="true">
            <doc title="YouTube subscription ID for the resource that is being deleted." />
            <doc xml:lang="de-de" title="YouTube-Abonnement-ID der Ressource, die gelöscht wird." />
            <doc xml:lang="es-es" title="Id. de suscripción de YouTube para el recurso que se está eliminando." />
            <doc xml:lang="fr-fr" title="ID de l'abonnement YouTube associé à la ressource supprimée." />
            <doc xml:lang="it-it" title="ID della sottoscrizione di YouTube per il quale viene eliminata la risorsa." />
            <doc xml:lang="ja-jp" title="削除されたリソースの You Tube 購読 ID。" />
            <doc xml:lang="ko-kr" title="삭제되는 리소스에 대한 YouTube 구독 ID입니다." />
            <doc xml:lang="pt-br" title="ID de assinatura do YouTube do recurso que está sendo excluído." />
            <doc xml:lang="ru-ru" title="Идентификатор подписки YouTube для удаляемого ресурса." />
            <doc xml:lang="zh-cn" title="所删除的资源的 YouTube 订阅 ID。" />
            <doc xml:lang="zh-tw" title="所刪除之資源的 YouTube 訂閱 ID。" />
          </param>
        </request>
      </method>
    </resource>
  </resources>
  <siena:authenticationProviders>
    <siena:oauth2 id="youtubeAuth">
      <siena:grantType>
        <siena:implicit scope="https://www.googleapis.com/auth/youtube.readonly https://www.googleapis.com/auth/youtubepartner https://www.googleapis.com/auth/youtube">
          <siena:endpoints>
            <siena:authorization url="https://accounts.google.com/[templated]" />
            <siena:callback url="http://www.tempuri.org/templated" />
          </siena:endpoints>
          <siena:credentials clientId="[templated]" />
        </siena:implicit>
      </siena:grantType>
    </siena:oauth2>
  </siena:authenticationProviders>
  <siena:template>
    <siena:variable name="YouTubeClientID">
      <siena:doc title="Client ID" />
      <siena:doc xml:lang="de-de" title="Client-ID" />
      <siena:doc xml:lang="es-es" title="Id. de cliente" />
      <siena:doc xml:lang="fr-fr" title="ID du client" />
      <siena:doc xml:lang="it-it" title="ID client" />
      <siena:doc xml:lang="ja-jp" title="クライアント ID" />
      <siena:doc xml:lang="ko-kr" title="클라이언트 ID" />
      <siena:doc xml:lang="pt-br" title="ID do Cliente" />
      <siena:doc xml:lang="ru-ru" title="Идентификатор клиента" />
      <siena:doc xml:lang="zh-cn" title="客户端 ID" />
      <siena:doc xml:lang="zh-tw" title="用戶端 ID" />
      <siena:modifyAuth tag="credentials" href="#youtubeAuth" attribute="clientId" />
    </siena:variable>
    <siena:variable name="YouTubeRedirectURI">
      <siena:doc title="Redirect URI" />
      <siena:doc xml:lang="de-de" title="Umleitungs-URI" />
      <siena:doc xml:lang="es-es" title="URI de redirección" />
      <siena:doc xml:lang="fr-fr" title="URI de redirection" />
      <siena:doc xml:lang="it-it" title="URI reindirizzamento" />
      <siena:doc xml:lang="ja-jp" title="リダイレクト URI" />
      <siena:doc xml:lang="ko-kr" title="URI 리디렉션" />
      <siena:doc xml:lang="pt-br" title="URI de Redirecionamento" />
      <siena:doc xml:lang="ru-ru" title="Универсальный код ресурса перенаправления" />
      <siena:doc xml:lang="zh-cn" title="重定向 URI" />
      <siena:doc xml:lang="zh-tw" title="重新導向 URI" />
      <siena:modifyAuth tag="callback" href="#youtubeAuth" attribute="url" />
    </siena:variable>
    <siena:languageVariable name="AuthLang">
      <siena:languages>
        <siena:language xml:lang="en-us" value="en" />
        <siena:language xml:lang="de-de" value="de" />
        <siena:language xml:lang="es-es" value="es" />
        <siena:language xml:lang="fr-fr" value="fr" />
        <siena:language xml:lang="it-it" value="it" />
        <siena:language xml:lang="ja" value="ja" />
        <siena:language xml:lang="ko-kr" value="ko" />
        <siena:language xml:lang="pt-br" value="pt-br" />
        <siena:language xml:lang="ru-RU" value="ru" />
        <siena:language xml:lang="zh-cn" value="zh-cn" />
        <siena:language xml:lang="zh-tw" value="zh-tw" />
      </siena:languages>
      <siena:modifyAuth href="#youtubeAuth" tag="authorization" attribute="url" format="https://accounts.google.com/o/oauth2/auth?hl={0}" />
    </siena:languageVariable>
  </siena:template>
</application>