﻿<?xml version="1.0" encoding="utf-8"?>
<!--
*****************************************************
*                                                   *
*   Copyright (C) Microsoft. All rights reserved.   *
*                                                   *
*****************************************************
-->
<application xmlns="http://wadl.dev.java.net/2009/02" xmlns:siena="http://schemas.microsoft.com/MicrosoftProjectSiena/WADL/2014/11" xmlns:xs="http://www.w3.org/2001/XMLSchema" xmlns:xh="http://www.w3.org/1999/xhtml" xmlns:instagram="https://api.instagram.com/v1/json-schema" siena:serviceId="Instagram" siena:author="ProjectSiena">
  <doc title="Connector for Instagram API." />
  <grammars>
    <jsonTypes targetNamespace="https://api.instagram.com/v1/json-schema" xmlns="http://schemas.microsoft.com/MicrosoftProjectSiena/WADL/2014/11" xmlns:wadl="http://wadl.dev.java.net/2009/02">
      <!--All the JSON types we retrieve from Instagram APIs.-->
      <object name="meta">
        <property name="code" type="number" />
      </object>
      <object name="userData">
        <property name="username" type="string" />
        <property name="bio" type="string" />
        <property name="website" type="string" />
        <property name="profile_picture" type="string" />
        <property name="full_name" type="string" />
        <property name="counts" typeRef="counts" />
        <property name="id" type="string" />
      </object>
      <object name="UserInfoResponse">
        <property name="meta" typeRef="meta" />
        <property name="data" typeRef="userData" />
      </object>
      <object name="counts">
        <property name="media" type="number" />
        <property name="followed_by" type="number" />
        <property name="follows" type="number" />
      </object>
      <object name="UserFeedResponse">
        <property name="meta" typeRef="meta" />
        <property name="data" typeRef="userData" />
      </object>
      <array name="dataArray" typeRef="feedResult" />
      <object name="feedResult">
        <!--<property name="attribution" typeRef="attributionObject"/>-->
        <property name="tags" typeRef="tags" />
        <property name="type" type="string" />
        <property name="location" typeRef="locationObject" />
        <property name="comments" typeRef="commentsObject" />
        <property name="filter" type="string" />
        <property name="created_time" type="string" />
        <property name="link" type="string" dtype="hyperlink" />
        <property name="likes" typeRef="likesObject" />
        <property name="images" typeRef="imagesObject" />
        <property name="users_in_photo" typeRef="users_in_photoArray" />
        <property name="caption" typeRef="captionObject" />
        <property name="id" type="string" />
        <property name="user" typeRef="userData" />
      </object>
      <array name="tags" type="string" />
      <object name="locationObject">
        <property name="latitude" type="number" />
        <property name="name" type="string" />
        <property name="longitude" type="number" />
        <property name="id" type="number" />
      </object>
      <object name="commentsObject">
        <property name="count" type="number" />
        <property name="data" typeRef="commentsDataArray" />
      </object>
      <array name="commentsDataArray">
        <object>
          <property name="created_time" type="string" />
          <property name="text" type="string" />
          <property name="from" typeRef="from" />
          <property name="id" type="string" />
        </object>
      </array>
      <object name="from">
        <property name="username" type="string" />
        <property name="profile_picture" type="string" />
        <property name="id" type="string" />
        <property name="full_name" type="string" />
      </object>
      <object name="likesObject">
        <property name="count" type="number" />
        <property name="data" typeRef="likesDataArray" />
      </object>
      <array name="likesDataArray">
        <object>
          <property name="username" type="string" />
          <property name="profile_picture" type="string" />
          <property name="id" type="string" />
          <property name="full_name" type="string" />
        </object>
      </array>
      <object name="imagesObject">
        <property name="low_resolution" typeRef="low_resObject" />
        <property name="thumbnail" typeRef="thumbnailObject" />
        <property name="standard_resolution" typeRef="standard_resObject" />
      </object>
      <object name="low_resObject">
        <property name="url" type="string" dtype="hyperlink" />
        <property name="width" type="number" />
        <property name="height" type="number" />
      </object>
      <object name="thumbnailObject">
        <property name="url" type="string" dtype="hyperlink" />
        <property name="width" type="number" />
        <property name="height" type="number" />
      </object>
      <object name="standard_resObject">
        <property name="url" type="string" dtype="hyperlink" />
        <property name="width" type="number" />
        <property name="height" type="number" />
      </object>
      <object name="captionObject">
        <property name="created_time" type="string" />
        <property name="text" type="string" />
        <property name="from" typeRef="from" />
        <property name="id" type="string" />
      </object>
      <array name="users_in_photoArray">
        <object>
          <property name="position" typeRef="positionObject" />
          <property name="user" typeRef="from" />
        </object>
      </array>
      <object name="positionObject">
        <property name="y" type="number" />
        <property name="x" type="number" />
      </object>
      <array name="searchArray" typeRef="userData" />
    </jsonTypes>
  </grammars>
  <resources base="https://api.instagram.com/v1/" siena:authenticationProviderHref="#instagramAuth">
    <resource path="users">
      <resource path="{user-id}">
        <param name="user-id" style="template" siena:sampleDefault="self" required="true">
          <doc title="The user ID." />
          <doc xml:lang="de-de" title="Die Benutzer-ID." />
          <doc xml:lang="es-es" title="Id. del usuario." />
          <doc xml:lang="fr-fr" title="ID de l'utilisateur." />
          <doc xml:lang="it-it" title="ID utente." />
          <doc xml:lang="ja-jp" title="ユーザー ID。" />
          <doc xml:lang="ko-kr" title="사용자 ID입니다." />
          <doc xml:lang="pt-br" title="A ID do usuário." />
          <doc xml:lang="ru-ru" title="Идентификатор пользователя." />
          <doc xml:lang="zh-cn" title="用户 ID。" />
          <doc xml:lang="zh-tw" title="使用者 ID。" />
        </param>
        <method name="GET" id="UserInfo" siena:requiresAuthentication="true">
          <doc siena:displayName="UserInfo" title="Details for a specific Instagram user. For example, to view details for user-id 1234567 use:&#xA;Instagram!UserInfo(&quot;1234567&quot;)." />
          <doc xml:lang="de-de" title="Details zu einem bestimmten Instagram-Benutzer. Um Details zu Benutzer-ID 1234567 anzeigen, verwenden Sie beispielsweise:&#xD;&#xA;Instagram!Benutzerinfo(&quot;1234567&quot;)." siena:displayName="Benutzerinfo" />
          <doc xml:lang="es-es" title="Detalles de un usuario de Instagram específico. Por ejemplo, para ver los detalles de un usuario con id. 1234567, use:&#xD;&#xA;Instagram!InfoDeUsuario(&quot;1234567&quot;)." siena:displayName="InfoDeUsuario" />
          <doc xml:lang="fr-fr" title="Détails d'un utilisateur Instagram spécifique. Par exemple, pour afficher les détails de l'utilisateur ayant l'ID 1234567, utiliser :&#xA;Instagram!InfoUtilisateur(&quot;1234567&quot;)." siena:displayName="InfoUtilisateur" />
          <doc xml:lang="it-it" title="Visualizza i dettagli di un utente di Instagram specifico. Ad esempio, per visualizzare i dettagli dell'utente con ID 1234567, usare:&#xD;&#xA;Instagram!InfoUtente(&quot;1234567&quot;)." siena:displayName="InfoUtente" />
          <doc xml:lang="ja-jp" title="特定の Instagram ユーザーの詳細。たとえば、ユーザー ID 1234567 の詳細を表示するには &#xA;Instagram!UserInfo(&quot;1234567&quot;) を使用します。" siena:displayName="UserInfo" />
          <doc xml:lang="ko-kr" title="특정 Instagram 사용자에 대한 세부 정보입니다. 예를 들어 사용자 ID 1234567에 대한 세부 정보를 보려면 다음을 사용합니다.&#xA;Instagram!사용자정보(&quot;1234567&quot;)" siena:displayName="UserInfo" />
          <doc xml:lang="pt-br" title="Detalhes de um usuário específico do Instagram. Por exemplo, para ver detalhes do usuário com ID 1234567, use:&#xA;Instagram!InformaçõesDoUsuário(&quot;1234567&quot;)." siena:displayName="InformaçõesDoUsuário" />
          <doc xml:lang="ru-ru" title="Сведения об определенном пользователе Instagram. Например, для просмотра сведений о пользователе с идентификатором 1234567 используйте следующее:&#xA;Instagram!СведенияОПользователе(&quot;1234567&quot;)." siena:displayName="СведенияОПользователе" />
          <doc xml:lang="zh-cn" title="特定 Instagram 用户的详细信息。例如，若要查看用户 ID 1234567 的详细信息，请使用:&#xA;Instagram!用户信息(&quot;1234567&quot;)。" siena:displayName="UserInfo" />
          <doc xml:lang="zh-tw" title="特定 Instagram 使用者的詳細資料。例如，若要檢視使用者 ID 為 1234567 的詳細資料，請使用:&#xA;Instagram!使用者資訊(&quot;1234567&quot;)。" siena:displayName="UserInfo" />
          <request>
            <param name="accept" style="header" fixed="application/json" required="true" />
          </request>
          <response siena:resultForm="single">
            <representation mediaType="application/json">
              <param style="plain" name="foo" path="/data" type="instagram:userData" />
            </representation>
          </response>
        </method>
        <resource path="media/recent">
          <method name="GET" id="MyPosts" siena:requiresAuthentication="true">
            <doc siena:displayName="MyPosts" title="Most recent media published by a user. For example, to view recent media for user-id 1234567 use:&#xA;Instagram!MyPosts(&quot;1234567&quot;)." />
            <doc xml:lang="de-de" title="Die neusten veröffentlichten Medien eines Benutzers. Um beispielsweise aktuelle Medien für Benutzer-ID 1234567 anzuzeigen, verwenden Sie:&#xD;&#xA;Instagram!MeinePosts(&quot;1234567&quot;)." siena:displayName="MeinePosts" />
            <doc xml:lang="es-es" title="Elementos multimedia publicados más recientemente por un usuario. Por ejemplo, para ver los elementos multimedia del usuario con id. 1234567, use:&#xD;&#xA;Instagram!MisPublicaciones(&quot;1234567&quot;)." siena:displayName="MisPublicaciones" />
            <doc xml:lang="fr-fr" title="Derniers médias publiés par un utilisateur. Par exemple, pour afficher les médias publiés récemment par l'utilisateur ayant l'ID 1234567, utiliser :&#xA;Instagram!MesPublications(&quot;1234567&quot;)." siena:displayName="MesPublications" />
            <doc xml:lang="it-it" title="Visualizza gli ultimi elementi multimediali pubblicati da un utente. Ad esempio, per visualizzare gli elementi multimediali recenti per l'utente con ID 1234567, usare:&#xD;&#xA;Instagram!PostUtente(&quot;1234567&quot;)." siena:displayName="PostUtente" />
            <doc xml:lang="ja-jp" title="ユーザーによって公開された最新のメディア。たとえば、ユーザー ID 1234567 の最近のメディアを表示するには &#xA;Instagram!MyPosts(&quot;1234567&quot;) を使用します。" siena:displayName="MyPosts" />
            <doc xml:lang="ko-kr" title="사용자가 게시한 최근의 미디어입니다. 예를 들어 사용자 ID 1234567에 대한 최근 미디어를 보려면 다음을 사용합니다.&#xA;Instagram!내게시물(&quot;1234567&quot;)" siena:displayName="MyPosts" />
            <doc xml:lang="pt-br" title="Mídia mais recente publicada por um usuário. Por exemplo, para ver a mídia recente do usuário com ID 1234567, use:&#xA;Instagram!MinhasPostagens(&quot;1234567&quot;)." siena:displayName="MinhasPostagens" />
            <doc xml:lang="ru-ru" title="Последние объекты мультимедиа, опубликованные пользователем. Например, для просмотра последних объектов мультимедиа пользователя с идентификатором 1234567 используйте следующее:&#xA;Instagram!МоиПубликации(&quot;1234567&quot;)." siena:displayName="МоиПубликации" />
            <doc xml:lang="zh-cn" title="用户发布的最新媒体。例如，若要查看用户 ID 1234567 的最新媒体，请使用:&#xA;Instagram!我的帖子(&quot;1234567&quot;)。" siena:displayName="MyPosts" />
            <doc xml:lang="zh-tw" title="使用者最近發行的媒體。例如，若要檢視使用者 ID 為 1234567 最近的媒體，請使用:&#xA;Instagram!我的貼文(&quot;1234567&quot;)。" siena:displayName="MyPosts" />
            <request>
              <param name="accept" style="header" fixed="application/json" required="true" />
              <param name="count" style="query" type="xs:int" siena:sampleDefault="50">
                <doc title="The count of media to return." />
                <doc xml:lang="de-de" title="Die Zahl der zurückzugebenden Medien." />
                <doc xml:lang="es-es" title="Recuento de elementos multimedia que se devuelven." />
                <doc xml:lang="fr-fr" title="Nombre de médias à retourner." />
                <doc xml:lang="it-it" title="Numero di elementi multimediali da restituire." />
                <doc xml:lang="ja-jp" title="返すメディアの数。" />
                <doc xml:lang="ko-kr" title="반환할 미디어 수입니다." />
                <doc xml:lang="pt-br" title="A contagem de mídias a serem retornadas." />
                <doc xml:lang="ru-ru" title="Счетчик возвращаемых объектом мультимедиа." />
                <doc xml:lang="zh-cn" title="要返回的媒体的计数。" />
                <doc xml:lang="zh-tw" title="要傳回的媒體數。" />
              </param>
            </request>
            <response siena:resultForm="single">
              <representation mediaType="application/json">
                <param style="plain" name="foo" path="/data" type="instagram:dataArray" />
              </representation>
            </response>
          </method>
        </resource>
      </resource>
      <resource path="self/feed">
        <method name="GET" id="MyFeed" siena:requiresAuthentication="true">
          <doc siena:displayName="MyFeed" title="Authenticated user's feed, may return a mix fo both image and video types. For example, use:&#xA;Instagram!MyFeed()." />
          <doc xml:lang="de-de" title="Authentifizierter Benutzer-Feed, der eine Mischung aus Bild- und Videotypen zurückgeben kann. Geben Sie zum Beispiel ein:&#xD;&#xA;Instagram!MeinFeed()." siena:displayName="MeinFeed" />
          <doc xml:lang="es-es" title="Fuente del usuario autenticado; puede devolver una combinación de imágenes y vídeos. Por ejemplo, use:&#xD;&#xA;Instagram!MiFuente()." siena:displayName="MiFuente" />
          <doc xml:lang="fr-fr" title="Flux d'un utilisateur authentifié. Peut retourner une combinaison de types image et vidéo. Par exemple, utiliser :&#xA;Instagram!MonFlux()." siena:displayName="MonFlux" />
          <doc xml:lang="it-it" title="Visualizza il feed dell'utente autenticato. Potrebbe restituire una combinazione di tipi di immagine e video. Ad esempio, usare:&#xD;&#xA;Instagram!FeedUtente()." siena:displayName="FeedUtente" />
          <doc xml:lang="ja-jp" title="認証されたユーザーのフィード。画像と動画の両方のタイプを返す場合があります。たとえば、&#xA;Instagram!MyFeed() を使用します。" siena:displayName="MyFeed" />
          <doc xml:lang="ko-kr" title="인증된 사용자의 피드가 이미지와 비디오 형식의 조합을 반환할 수 있습니다. 예를 들어 다음과 같이 사용합니다.&#xA;Instagram!내피드()" siena:displayName="MyFeed" />
          <doc xml:lang="pt-br" title="Feed do usuário autenticado, pode retornar uma combinação de tipos de imagem e vídeo. Por exemplo, use:&#xA;Instagram!MeuFeed()." siena:displayName="MeuFeed" />
          <doc xml:lang="ru-ru" title="Веб-канал выполнившего проверку подлинности пользователя может возвращать комбинацию типов фото и видео. Например, используйте следующее:&#xA;Instagram!МойКанал()." siena:displayName="МойКанал" />
          <doc xml:lang="zh-cn" title="经过身份验证的用户的源，可能返回图像和视频类型的组合。例如，请使用:&#xA;Instagram!我的源()。" siena:displayName="MyFeed" />
          <doc xml:lang="zh-tw" title="經過驗證的使用者動態，可能會傳回混合有影像與影片的類型。例如，請使用:&#xA;Instagram!我的動態()。" siena:displayName="MyFeed" />
          <request>
            <param name="accept" style="header" fixed="application/json" required="true" />
            <param name="count" style="query" type="xs:int" siena:sampleDefault="50">
              <doc title="The count of media to return." />
              <doc xml:lang="de-de" title="Die Zahl der zurückzugebenden Medien." />
              <doc xml:lang="es-es" title="Recuento de elementos multimedia que se devuelven." />
              <doc xml:lang="fr-fr" title="Nombre de médias à retourner." />
              <doc xml:lang="it-it" title="Numero di elementi multimediali da restituire." />
              <doc xml:lang="ja-jp" title="返すメディアの数。" />
              <doc xml:lang="ko-kr" title="반환할 미디어 수입니다." />
              <doc xml:lang="pt-br" title="A contagem de mídias a serem retornadas." />
              <doc xml:lang="ru-ru" title="Счетчик возвращаемых объектом мультимедиа." />
              <doc xml:lang="zh-cn" title="要返回的媒体的计数。" />
              <doc xml:lang="zh-tw" title="要傳回的媒體數。" />
            </param>
          </request>
          <response siena:resultForm="single">
            <representation mediaType="application/json">
              <param style="plain" name="foo" path="/data" type="instagram:dataArray" />
            </representation>
          </response>
        </method>
      </resource>
      <resource path="self/media/liked">
        <method name="GET" id="MyLikes" siena:requiresAuthentication="true">
          <doc siena:displayName="MyLikes" title="Instagram media liked by the authenticated user, may return a mix of both image and video types. For example, use:&#xA;Instagram!MyLikes()." />
          <doc xml:lang="de-de" title="Instagram-Medien, die dem authentifizierten Benutzer gefallen. Verwenden Sie beispielsweise:&#xD;&#xA;Instagram!MeineLikes()." siena:displayName="MeineLikes" />
          <doc xml:lang="es-es" title="Elementos multimedia de Instagram que le gustan al usuario autenticado; puede devolver una combinación de imágenes y vídeos. Por ejemplo, use:&#xD;&#xA;Instagram!MeGustan()." siena:displayName="MeGustan" />
          <doc xml:lang="fr-fr" title="Médias Instagram aimés par l'utilisateur authentifié. Peut retourner une combinaison de types image et vidéo. Par exemple, utiliser :&#xA;Instagram!MesJaime()." siena:displayName="MesJaime" />
          <doc xml:lang="it-it" title="Visualizza gli elementi multimediali di Instagram per i quali l'utente autenticato ha impostato Mi piace. Potrebbe restituire una combinazione di tipi di immagine e video. Ad esempio, usare:&#xD;&#xA;Instagram!MiPiaceUtente()." siena:displayName="MiPiaceUtente" />
          <doc xml:lang="ja-jp" title="認証されたユーザーに &quot;いいね!&quot; と評価された Instagram メディア。画像と動画の両方のタイプを返す場合があります。たとえば、&#xA;Instagram!MyLikes() を使用します。" siena:displayName="MyLikes" />
          <doc xml:lang="ko-kr" title="인증된 사용자가 좋아요 표시한 Instagram 미디어인 경우 이미지와 비디오 형식의 조합을 반환할 수 있습니다. 예를 들어 다음과 같이 사용합니다.&#xA;Instagram!내좋아요()" siena:displayName="MyLikes" />
          <doc xml:lang="pt-br" title="Mídia do Instagram que o usuário autenticado curtiu, pode retornar uma combinação de tipos de imagem e vídeo. Por exemplo, use:&#xA;Instagram!MinhasCurtidas()." siena:displayName="MinhasCurtidas" />
          <doc xml:lang="ru-ru" title="Объекты мультимедиа Instagram, которые понравились выполнившему проверку подлинности пользователю, могут возвращать комбинацию типов фото и видео. Например, используйте следующее:&#xA;Instagram!МоиОтметки()." siena:displayName="МоиОтметки" />
          <doc xml:lang="zh-cn" title="经过身份验证的用户点赞的 Instagram 媒体，可能返回图像和视频类型的组合。例如，请使用:&#xA;Instagram!我的点赞()。" siena:displayName="MyLikes" />
          <doc xml:lang="zh-tw" title="由經過驗證之使用者按讚的 Instagram 媒體，可能會傳回混合有影像與影片的類型。例如，請使用:&#xA;Instagram!我說讚的內容()。" siena:displayName="MyLikes" />
          <request>
            <param name="accept" style="header" fixed="application/json" required="true" />
            <param name="count" style="query" type="xs:int" siena:sampleDefault="50">
              <doc title="The count of media to return." />
              <doc xml:lang="de-de" title="Die Zahl der zurückzugebenden Medien." />
              <doc xml:lang="es-es" title="Recuento de elementos multimedia que se devuelven." />
              <doc xml:lang="fr-fr" title="Nombre de médias à retourner." />
              <doc xml:lang="it-it" title="Numero di elementi multimediali da restituire." />
              <doc xml:lang="ja-jp" title="返すメディアの数。" />
              <doc xml:lang="ko-kr" title="반환할 미디어 수입니다." />
              <doc xml:lang="pt-br" title="A contagem de mídias a serem retornadas." />
              <doc xml:lang="ru-ru" title="Счетчик возвращаемых объектом мультимедиа." />
              <doc xml:lang="zh-cn" title="要返回的媒体的计数。" />
              <doc xml:lang="zh-tw" title="要傳回的媒體數。" />
            </param>
          </request>
          <response siena:resultForm="single">
            <representation mediaType="application/json">
              <param style="plain" name="foo" path="/data" type="instagram:dataArray" />
            </representation>
          </response>
        </method>
      </resource>
      <resource path="search">
        <method name="GET" id="Search" siena:requiresAuthentication="true">
          <doc siena:displayName="Search" title="Search for a user by name. For example, to search for user named John Smith, use:&#xA;Instagram!Search(&quot;John Smith&quot;)." />
          <doc xml:lang="de-de" title="Benutzersuche nach Benutzernamen. Sie können beispielsweise zur Suche nach dem Benutzer John Smith folgendes verwenden: &#xD;&#xA;Instagram!Suchen(&quot;John Smith&quot;)." siena:displayName="Suchen" />
          <doc xml:lang="es-es" title="Buscar un usuario por el nombre. Por ejemplo, para buscar un usuario llamado Juan García, use:&#xD;&#xA;Instagram!Buscar(&quot;Juan García&quot;)." siena:displayName="Buscar" />
          <doc xml:lang="fr-fr" title="Rechercher un utilisateur par son nom. Par exemple, pour rechercher l'utilisateur appelé John Smith, utiliser :&#xA;Instagram!Rechercher(&quot;John Smith&quot;)." siena:displayName="Rechercher" />
          <doc xml:lang="it-it" title="Consente di cercare un utente in base al nome. Ad esempio, per cercare l'utente che si chiama Mario Rossi, usare:&#xD;&#xA;Instagram!Cerca(&quot;Mario Rossi&quot;)." siena:displayName="Cerca" />
          <doc xml:lang="ja-jp" title="ユーザーを名前で検索。たとえば、John Smith という名前のユーザーを検索する場合、&#xA;Instagram!Search(&quot;John Smith&quot;) を使用します。" siena:displayName="Search" />
          <doc xml:lang="ko-kr" title="이름별로 사용자를 검색합니다. 예를 들어 John Smith라는 사용자를 검색하려면 다음을 사용합니다.&#xA;Instagram!검색(&quot;John Smith&quot;)" siena:displayName="Search" />
          <doc xml:lang="pt-br" title="Procurar um usuário por nome. Por exemplo, para procurar o usuário denominado John Smith, use:&#xA;Instagram!Pesquisar(&quot;John Smith&quot;)." siena:displayName="Pesquisar" />
          <doc xml:lang="ru-ru" title="Поиск пользователя по имени. Например, для поиска пользователя с именем Джон Смит используйте следующее:&#xA;Instagram!Поиск(&quot;Джон Смит&quot;)." siena:displayName="Поиск" />
          <doc xml:lang="zh-cn" title="按姓名搜索用户。例如，若要搜索名为 John Smith 的用户，请使用:&#xA;Instagram!搜索(&quot;John Smith&quot;)。" siena:displayName="Search" />
          <doc xml:lang="zh-tw" title="依名字搜尋使用者。例如，若要搜尋名字為 John Smith 的使用者，請使用:&#xA;Instagram!搜尋(&quot;John Smith&quot;)。" siena:displayName="Search" />
          <request>
            <param name="accept" style="header" fixed="application/json" required="true" />
            <param name="q" style="query" type="xs:string" siena:sampleDefault="John Smith" required="true">
              <doc title="The query string." />
              <doc xml:lang="de-de" title="Die Abfragezeichenfolge." />
              <doc xml:lang="es-es" title="Cadena de consulta." />
              <doc xml:lang="fr-fr" title="Chaîne de requête." />
              <doc xml:lang="it-it" title="Stringa di query." />
              <doc xml:lang="ja-jp" title="クエリ文字列。" />
              <doc xml:lang="ko-kr" title="쿼리 문자열입니다." />
              <doc xml:lang="pt-br" title="A cadeia de caracteres de consulta." />
              <doc xml:lang="ru-ru" title="Строка запроса." />
              <doc xml:lang="zh-cn" title="查询字符串。" />
              <doc xml:lang="zh-tw" title="查詢字串。" />
            </param>
            <param name="count" style="query" type="xs:int" siena:sampleDefault="50">
              <doc title="The count of media to return." />
              <doc xml:lang="de-de" title="Die Zahl der zurückzugebenden Medien." />
              <doc xml:lang="es-es" title="Recuento de elementos multimedia que se devuelven." />
              <doc xml:lang="fr-fr" title="Nombre de médias à retourner." />
              <doc xml:lang="it-it" title="Numero di elementi multimediali da restituire." />
              <doc xml:lang="ja-jp" title="返すメディアの数。" />
              <doc xml:lang="ko-kr" title="반환할 미디어 수입니다." />
              <doc xml:lang="pt-br" title="A contagem de mídias a serem retornadas." />
              <doc xml:lang="ru-ru" title="Счетчик возвращаемых объектом мультимедиа." />
              <doc xml:lang="zh-cn" title="要返回的媒体的计数。" />
              <doc xml:lang="zh-tw" title="要傳回的媒體數。" />
            </param>
          </request>
          <response siena:resultForm="single">
            <representation mediaType="application/json">
              <param style="plain" name="foo" path="/data" type="instagram:searchArray" />
            </representation>
          </response>
        </method>
      </resource>
      <resource path="{userid}/follows">
        <param name="userid" style="template" siena:sampleDefault="self" required="true" />
        <method name="GET" id="UserFollows" siena:requiresAuthentication="true">
          <doc siena:displayName="UserFollows" title="Instagram users followed by the authenticated user. For example, use:&#xA;Instagram!UserFollows()." />
          <doc xml:lang="de-de" title="Instagram-Benutzer, denen der authentifizierte Benutzer folgt. Verwenden Sie beispielsweise:&#xD;&#xA;Instagram!BenutzerFolgt()." siena:displayName="BenutzerFolgt" />
          <doc xml:lang="es-es" title="Usuarios de Instagram a los que sigue el usuario autenticado. Por ejemplo, use:&#xD;&#xA;Instagram!SeguidosPorUsuario()." siena:displayName="SeguidosPorUsuario" />
          <doc xml:lang="fr-fr" title="Utilisateurs Instagram suivis par l'utilisateur authentifié. Par exemple, utiliser :&#xA;Instagram!AbonnésUtilisateur()." siena:displayName="AbonnésUtilisateur" />
          <doc xml:lang="it-it" title="Utenti di Instagram seguiti dall'utente autenticato. Ad esempio, usare:&#xD;&#xA;Instagram!SeguitiDaUtente()." siena:displayName="SeguitiDaUtente" />
          <doc xml:lang="ja-jp" title="認証されたユーザーにフォローされている Instagram ユーザー。たとえば、&#xA;Instagram!UserFollows() を使用します。" siena:displayName="UserFollows" />
          <doc xml:lang="ko-kr" title="인증된 사용자가 팔로우한 Instagram 사용자입니다. 예를 들어 다음과 같이 사용합니다.&#xA;Instagram!사용자팔로잉()" siena:displayName="UserFollows" />
          <doc xml:lang="pt-br" title="Usuários do Instagram seguidos pelo usuário autenticado. Por exemplo, use:&#xA;Instagram!UsuárioSegue()." siena:displayName="UsuárioSegue" />
          <doc xml:lang="ru-ru" title="Пользователи Instagram, на которых подписан выполнивший проверку подлинности пользователь. Например, используйте следующее:&#xA;Instagram!ПодписчикиПользователя()." siena:displayName="ПодписчикиПользователя" />
          <doc xml:lang="zh-cn" title="经过身份验证的用户关注的 Instagram 用户。例如，请使用:&#xA;Instagram!关注用户()。" siena:displayName="UserFollows" />
          <doc xml:lang="zh-tw" title="經過驗證之使用者所追蹤的 Instagram 使用者。例如，請使用:&#xA;Instagram!追蹤的使用者()。" siena:displayName="UserFollows" />
          <request>
            <param name="accept" style="header" fixed="application/json" required="true" />
          </request>
          <response siena:resultForm="single">
            <representation mediaType="application/json">
              <param style="plain" name="foo" path="/data" type="instagram:searchArray" />
            </representation>
          </response>
        </method>
      </resource>
      <resource path="self/followed-by">
        <method name="GET" id="FollowedBy" siena:requiresAuthentication="true">
          <doc siena:displayName="FollowedBy" title="Instagram users following the authenticated user. For example, use:&#xA;Instagram!UserFollowedBy()." />
          <doc xml:lang="de-de" title="Instagram-Benutzer, die dem authentifzierten Benutzer folgen. Verwenden Sie beispielsweise:&#xD;&#xA;Instagram!BenutzerGefolgtVon()." siena:displayName="GefolgtVon" />
          <doc xml:lang="es-es" title="Usuarios de Instagram que siguen al usuario autenticado. Por ejemplo, use:&#xD;&#xA;Instagram!UsuarioSeguidoPor()." siena:displayName="SeguidoPor" />
          <doc xml:lang="fr-fr" title="Utilisateurs Instagram qui suivent l'utilisateur authentifié. Par exemple, utiliser :&#xA;Instagram!UtilisateurSuiviPar()." siena:displayName="SuiviPar" />
          <doc xml:lang="it-it" title="Utenti di Instagram che seguono l'utente autenticato. Ad esempio, usare:&#xD;&#xA;Instagram!UtenteSeguitoDa()." siena:displayName="SeguitoDa" />
          <doc xml:lang="ja-jp" title="認証されたユーザーをフォローしている Instagram ユーザー。たとえば、&#xA;Instagram!UserFollowedBy() を使用します。" siena:displayName="FollowedBy" />
          <doc xml:lang="ko-kr" title="Instagram 사용자가 인증된 사용자를 팔로우하고 있습니다. 예를 들어 다음과 같이 사용합니다.&#xA;Instagram!UserFollowedBy()" siena:displayName="FollowedBy" />
          <doc xml:lang="pt-br" title="Os usuários do Instagram que estão seguindo o usuário autenticado. Por exemplo, use:&#xA;Instagram!UserFollowedBy()." siena:displayName="SeguidoPor" />
          <doc xml:lang="ru-ru" title="Пользователи Instagram, подписавшиеся на выполнившего проверку пользователя. Например, используйте следующее:&#xA;Instagram!UserFollowedBy()." siena:displayName="Подписчики" />
          <doc xml:lang="zh-cn" title="关注经过身份验证的用户的 Instagram 用户。例如，请使用:&#xA;Instagram!UserFollowedBy()。" siena:displayName="FollowedBy" />
          <doc xml:lang="zh-tw" title="追蹤已經過驗證之使用者的 Instagram 使用者。例如，請使用:&#xA;Instagram!UserFollowedBy()。" siena:displayName="FollowedBy" />
          <request>
            <param name="accept" style="header" fixed="application/json" required="true" />
          </request>
          <response siena:resultForm="single">
            <representation mediaType="application/json">
              <param style="plain" name="foo" path="/data" type="instagram:searchArray" />
            </representation>
          </response>
        </method>
      </resource>
    </resource>
    <resource path="media/{id}">
      <param name="id" style="template" required="true">
        <doc title="The media ID." />
        <doc xml:lang="de-de" title="Die Medien-ID." />
        <doc xml:lang="es-es" title="Id. de multimedia." />
        <doc xml:lang="fr-fr" title="ID du média." />
        <doc xml:lang="it-it" title="ID dell'elemento multimediale." />
        <doc xml:lang="ja-jp" title="メディア ID。" />
        <doc xml:lang="ko-kr" title="미디어 ID입니다." />
        <doc xml:lang="pt-br" title="A ID da mídia." />
        <doc xml:lang="ru-ru" title="Идентификатор мультимедиа." />
        <doc xml:lang="zh-cn" title="媒体 ID。" />
        <doc xml:lang="zh-tw" title="媒體 ID。" />
      </param>
      <method name="GET" id="MediaInfo" siena:requiresAuthentication="true" siena:disableTryIt="true">
        <doc siena:displayName="MediaInfo" title="Details for a specific Instagram media item. For example, to view details for media with id 1234567 use:&#xA;Instagram!MediaInfo(&quot;1234567&quot;)." />
        <doc xml:lang="de-de" title="Details zu einem bestimmten Instagram-Medienelement. Um beispielsweise Details zu Medien mit ID 1234567 anzuzeigen, geben Sie ein:&#xD;&#xA;Instagram!Medieninfo(&quot;1234567&quot;)." siena:displayName="Medieninfo" />
        <doc xml:lang="es-es" title="Detalles de un elemento multimedia de Instagram específico. Por ejemplo, para ver detalles del elemento multimedia con id. 1234567, use:&#xD;&#xA;Instagram!InfoMultimedia(&quot;1234567&quot;)." siena:displayName="InfoMultimedia" />
        <doc xml:lang="fr-fr" title="Détails d'un élément média Instagram spécifique. Par exemple, pour afficher les détails du média ayant l'ID 1234567, utiliser :&#xA;Instagram!InfoMédia(&quot;1234567&quot;)." siena:displayName="InfoMédia" />
        <doc xml:lang="it-it" title="Visualizza i dettagli di un elemento multimediale di Instagram specifico. Ad esempio, per visualizzare i dettagli degli elementi multimediali con ID 1234567, usare:&#xD;&#xA;Instagram!InfoElementoMultimediale(&quot;1234567&quot;)." siena:displayName="InfoElementoMultimediale" />
        <doc xml:lang="ja-jp" title="Instagram の特定のメディア項目の詳細。たとえば、ID 1234567 を使用してメディアの詳細を表示するには &#xA;Instagram!MediaInfo(&quot;1234567&quot;) を使用します。" siena:displayName="MediaInfo" />
        <doc xml:lang="ko-kr" title="특정 Instagram 미디어 항목에 대한 세부 정보입니다. 예를 들어 ID가 1234567인 미디어에 대한 세부 정보를 보려면 다음을 사용합니다.&#xA;Instagram!미디어정보(&quot;1234567&quot;)" siena:displayName="MediaInfo" />
        <doc xml:lang="pt-br" title="Detalhes de um item de mídia específico do Instagram. Por exemplo, para ver detalhes da mídia com ID 1234567, use:&#xA;Instagram!InformaçõesDaMídia(&quot;1234567&quot;)." siena:displayName="InformaçõesDaMídia" />
        <doc xml:lang="ru-ru" title="Сведения об определенном элементе мультимедиа Instagram. Например, для просмотра сведений о мультимедиа с идентификатором 1234567 используйте следующее:&#xA;Instagram!СведенияОМультимедиа(&quot;1234567&quot;)." siena:displayName="СведенияОМультимедиа" />
        <doc xml:lang="zh-cn" title="特定 Instagram 媒体项目的详细信息。例如，若要查看 ID 为 1234567 的媒体的详细信息，请使用:&#xA;Instagram!媒体信息(&quot;1234567&quot;)。" siena:displayName="MediaInfo" />
        <doc xml:lang="zh-tw" title="特定 Instagram 媒體項目的詳細資料。例如，若要檢視媒體 ID 為 1234567 的詳細資料，請使用:&#xA;Instagram!媒體資訊(&quot;1234567&quot;)。" siena:displayName="MediaInfo" />
        <request>
          <param name="accept" style="header" fixed="application/json" required="true" />
        </request>
        <response siena:resultForm="single">
          <representation mediaType="application/json">
            <param style="plain" name="foo" path="/data" type="instagram:feedResult" />
          </representation>
        </response>
      </method>
    </resource>
    <resource path="media/popular">
      <method name="GET" id="PopularMedia" siena:requiresAuthentication="true">
        <doc siena:displayName="PopularMedia" title="Popular Instagram media items feed, may return a mix fo both image and video types. For example, use:&#xA;Instagram!PopularMedia()." />
        <doc xml:lang="de-de" title="Feed zu beliebten Instagram-Medienelementen. Kann eine Mischung aus Bild- und Videotypen ausgeben. Verwenden Sie beispielsweise:&#xD;&#xA;Instagram!BeliebteMedien()." siena:displayName="BeliebteMedien" />
        <doc xml:lang="es-es" title="Fuente de elementos multimedia populares de Instagram; puede devolver una combinación de imágenes y vídeos. Por ejemplo, use:&#xD;&#xA;Instagram!MultimediaPopular()." siena:displayName="MultimediaPopular" />
        <doc xml:lang="fr-fr" title="Flux des médias Instagram populaires. Peut retourner une combinaison de types image et vidéo. Par exemple, utiliser :&#xA;Instagram!MédiasPopulaires()." siena:displayName="MédiasPopulaires" />
        <doc xml:lang="it-it" title="Visualizza il feed degli elementi multimediali di Instagram più popolari.Potrebbe restituire una combinazione di tipi di immagine e video. Ad esempio, usare:&#xD;&#xA;Instagram!ElementiMultimedialiPopolari()." siena:displayName="ElementiMultimedialiPopolari" />
        <doc xml:lang="ja-jp" title="人気の Instagram メディア項目フィード。画像と動画の両方のタイプを返す場合があります。たとえば、&#xA;Instagram!PopularMedia() を使用します。" siena:displayName="PopularMedia" />
        <doc xml:lang="ko-kr" title="인기 Instagram 미디어 항목 피드의 경우 이미지와 비디오 형식의 조합을 반환할 수 있습니다. 예를 들어 다음과 같이 사용합니다.&#xA;Instagram!인기미디어()" siena:displayName="PopularMedia" />
        <doc xml:lang="pt-br" title="Feed populares de itens de mídia do Instagram, pode retornar uma combinação de tipos de imagem e vídeo. Por exemplo, use:&#xA;Instagram!MídiaPopular()." siena:displayName="MídiaPopular" />
        <doc xml:lang="ru-ru" title="Веб-канал Instagram с популярными элементами мультимедиа может возвращать комбинацию типов фото и видео. Например, используйте следующее:&#xA;Instagram!ПопулярныеМедиа()." siena:displayName="ПопулярныеМедиа" />
        <doc xml:lang="zh-cn" title="热门 Instagram 媒体项目源，可能返回图像和视频类型的组合。例如，请使用:&#xA;Instagram!热门媒体()。" siena:displayName="PopularMedia" />
        <doc xml:lang="zh-tw" title="熱門的 Instagram 媒體項目動態，可能會傳回混合有影像與影片的類型。例如，請使用:&#xA;Instagram!熱門媒體()。" siena:displayName="PopularMedia" />
        <request>
          <param name="accept" style="header" fixed="application/json" required="true" />
        </request>
        <response siena:resultForm="single">
          <representation mediaType="application/json">
            <param style="plain" name="foo" path="/data" type="instagram:dataArray" />
          </representation>
        </response>
      </method>
    </resource>
  </resources>
  <siena:authenticationProviders>
    <siena:oauth2 id="instagramAuth">
      <siena:grantType>
        <siena:implicit scope="basic likes">
          <siena:endpoints>
            <siena:authorization url="https://instagram.com/oauth/authorize/" />
            <siena:callback url="http://www.tempuri.org/templated" />
          </siena:endpoints>
          <siena:credentials clientId="[templated]" />
        </siena:implicit>
      </siena:grantType>
      <siena:resourceAuthorization placement="query" />
    </siena:oauth2>
  </siena:authenticationProviders>
  <siena:template>
    <siena:variable name="InstagramClientID">
      <siena:doc title="Client ID" />
      <siena:doc xml:lang="de-de" title="Client-ID" />
      <siena:doc xml:lang="es-es" title="Id. de cliente" />
      <siena:doc xml:lang="fr-fr" title="ID du client" />
      <siena:doc xml:lang="it-it" title="ID client" />
      <siena:doc xml:lang="ja-jp" title="クライアント ID" />
      <siena:doc xml:lang="ko-kr" title="클라이언트 ID" />
      <siena:doc xml:lang="pt-br" title="ID do Cliente" />
      <siena:doc xml:lang="ru-ru" title="Идентификатор клиента" />
      <siena:doc xml:lang="zh-cn" title="客户端 ID" />
      <siena:doc xml:lang="zh-tw" title="用戶端 ID" />
      <siena:modifyAuth href="#instagramAuth" tag="credentials" attribute="clientId" />
    </siena:variable>
    <siena:variable name="InstagramRedirectURI">
      <siena:doc title="Redirect URI" />
      <siena:doc xml:lang="de-de" title="Umleitungs-URI" />
      <siena:doc xml:lang="es-es" title="URI de redirección" />
      <siena:doc xml:lang="fr-fr" title="URI de redirection" />
      <siena:doc xml:lang="it-it" title="URI reindirizzamento" />
      <siena:doc xml:lang="ja-jp" title="リダイレクト URI" />
      <siena:doc xml:lang="ko-kr" title="URI 리디렉션" />
      <siena:doc xml:lang="pt-br" title="URI de Redirecionamento" />
      <siena:doc xml:lang="ru-ru" title="Универсальный код ресурса перенаправления" />
      <siena:doc xml:lang="zh-cn" title="重定向 URI" />
      <siena:doc xml:lang="zh-tw" title="重新導向 URI" />
      <siena:modifyAuth tag="callback" href="#instagramAuth" attribute="url" />
    </siena:variable>
  </siena:template>
</application>