﻿<?xml version="1.0" encoding="utf-8"?>
<!--
*****************************************************
*                                                   *
*   Copyright (C) Microsoft. All rights reserved.   *
*                                                   *
*****************************************************
-->
<package version="2.20">
  <connector id="{0DA2F632-C4C5-422A-9112-8C8B791A23FA}" name="Bing Search" configPath="Bing Search\ServiceConfig.xml" iconPath="Bing Search\default.png" />
  <connector id="{FAC08358-F679-480B-A214-84354F46CEB6}" name="Bing Translator" configPath="Bing Translator\ServiceConfig.xml" iconPath="Bing Translator\default.png" />
  <connector id="{325988AD-BC14-4DFD-B610-3B01EB053CE3}" name="Facebook" configPath="Facebook\ServiceConfig.xml" iconPath="Facebook\default.png" />
  <connector id="{94225C2F-9A04-45AE-AD54-1765C7B1D62A}" name="Instagram" configPath="Instagram\ServiceConfig.xml" iconPath="Instagram\default.png" />
  <connector id="{2ECEC570-4882-4633-9369-B724564A310B}" name="Yammer" configPath="Yammer\ServiceConfig.xml" iconPath="Yammer\default.png" />
  <connector id="{41F27212-8117-4B5F-8279-BCC060DFD665}" name="YouTube" configPath="YouTube\ServiceConfig.xml" iconPath="YouTube\default.png" />
  <connector id="{928831A8-B29F-4363-9397-E67F18E77579}" name="Twitter" configPath="Twitter\ServiceConfig.xml" iconPath="Twitter\default.png" />
  <connector id="{2256B860-71A9-4951-B715-21AB28296185}" name="Coursera" configPath="Coursera\ServiceConfig.xml" iconPath="Coursera\default.png" />
  <connector id="{E22A66D0-3FE7-4F00-8128-9657319BF140}" name="Office 365 Preview" configPath="Office 365 Preview\ServiceConfig.xml" iconPath="Office 365 Preview\default.png" />
</package>