﻿<?xml version="1.0" encoding="utf-8"?>
<!--
*****************************************************
*                                                   *
*   Copyright (C) Microsoft. All rights reserved.   *
*                                                   *
*****************************************************
-->
<application xmlns="http://wadl.dev.java.net/2009/02" xmlns:siena="http://schemas.microsoft.com/MicrosoftProjectSiena/WADL/2014/11" xmlns:xs="http://www.w3.org/2001/XMLSchema" xmlns:xh="http://www.w3.org/1999/xhtml" xmlns:coursera="https://api.coursera.org/api/catalog.v1/" siena:serviceId="Coursera" siena:author="ProjectSiena">
  <grammars>
    <jsonTypes targetNamespace="https://api.coursera.org/api/catalog.v1/" xmlns="http://schemas.microsoft.com/MicrosoftProjectSiena/WADL/2014/11">
      <array name="CourseArray" typeRef="Course" />
      <object name="Course">
        <property name="id" type="number" />
        <property name="name" type="string" />
        <property name="language" type="string" />
        <property name="largeIcon" type="string" dtype="hyperlink" />
        <property name="photo" type="string" dtype="hyperlink" />
        <property name="previewLink" type="string" />
        <property name="shortDescription" type="string" />
        <property name="smallIcon" type="string" dtype="hyperlink" />
        <property name="smallIconHover" type="string" dtype="hyperlink" />
        <property name="video" type="string" />
        <property name="videoId" type="string" />
        <property name="aboutTheCourse" type="string" />
        <property name="faq" type="string" />
        <property name="instructor" type="string" />
        <property name="estimatedClassWorkload" type="string" />
        <property name="aboutTheInstructor" type="string" />
      </object>
      <array name="UniversityArray" typeRef="University" />
      <object name="University">
        <property name="id" type="number" />
        <property name="name" type="string" />
        <property name="shortName" type="string" />
        <property name="description" type="string" />
        <property name="banner" type="string" dtype="hyperlink" />
        <property name="homeLink" type="string" dtype="hyperlink" />
        <property name="location" type="string" />
        <property name="locationCity" type="string" />
        <property name="locationState" type="string" />
        <property name="locationCountry" type="string" />
        <property name="locationLat" type="string" />
        <property name="locationLng" type="string" />
        <property name="classLogo" type="string" dtype="hyperlink" />
        <property name="website" type="string" dtype="hyperlink" />
        <property name="websiteTwitter" type="string" />
        <property name="websiteFacebook" type="string" />
        <property name="websiteYoutube" type="string" />
        <property name="logo" type="string" dtype="hyperlink" />
        <property name="squareLogo" type="string" dtype="hyperlink" />
        <property name="landingPageBanner" type="string" dtype="hyperlink" />
      </object>
      <array name="CategoryArray" typeRef="Category" />
      <object name="Category">
        <property name="id" type="number" />
        <property name="name" type="string" />
        <property name="shortName" type="string" />
        <property name="description" type="string" />
      </object>
      <array name="InstructorArray" typeRef="Instructor" />
      <object name="Instructor">
        <property name="id" type="number" />
        <property name="photo" type="string" dtype="hyperlink" />
        <property name="photo150" type="string" dtype="hyperlink" />
        <property name="bio" type="string" />
        <property name="prefixName" type="string" />
        <property name="firstName" type="string" />
        <property name="middleName" type="string" />
        <property name="lastName" type="string" />
        <property name="suffixName" type="string" />
        <property name="fullName" type="string" />
        <property name="title" type="string" />
        <property name="department" type="string" />
        <property name="website" type="string" dtype="hyperlink" />
        <property name="websiteTwitter" type="string" />
        <property name="websiteFacebook" type="string" />
        <property name="websiteLinkedin" type="string" dtype="hyperlink" />
        <property name="websiteGplus" type="string" dtype="hyperlink" />
      </object>
      <array name="SessionArray" typeRef="Session" />
      <object name="Session">
        <property name="id" type="number" />
        <property name="courseId" type="number" />
        <property name="homeLink" type="string" dtype="hyperlink" />
        <property name="status" type="number" />
        <property name="active" type="boolean" />
        <property name="durationString" type="string" />
        <property name="startDay" type="number" />
        <property name="startMonth" type="number" />
        <property name="startYear" type="number" />
        <property name="name" type="string" />
        <property name="signatureTrackCloseTime" type="string" />
        <property name="signatureTrackOpenTime" type="boolean" />
        <property name="eligibleForCertificates" type="boolean" />
        <property name="eligibleForSignatureTrack" type="boolean" />
        <property name="certificateDescription" type="string" />
        <property name="certificatesReady" type="boolean" />
      </object>
    </jsonTypes>
  </grammars>
  <resources base="https://api.coursera.org/api/catalog.v1/">
    <resource path="courses">
      <method name="GET" id="Courses">
        <doc siena:displayName="Courses" title="Courses available from Coursera">
          <xh:a href="https://tech.coursera.org/app-platform/catalog/">View additional documentation.</xh:a>
        </doc>
        <doc xml:lang="de-de" title="In Coursera verfügbare Kurse" siena:displayName="Kurse" />
        <doc xml:lang="es-es" title="Cursos disponibles en Coursera" siena:displayName="Cursos" />
        <doc xml:lang="fr-fr" title="Cours disponibles sur Coursera" siena:displayName="Cours" />
        <doc xml:lang="it-it" title="Corsi disponibili in Coursera" siena:displayName="Corsi" />
        <doc xml:lang="ja-jp" title="Coursera から受講できるコース" siena:displayName="Courses" />
        <doc xml:lang="ko-kr" title="Coursera에서 사용할 수 있는 과정" siena:displayName="Courses" />
        <doc xml:lang="pt-br" title="Cursos disponíveis no Coursera" siena:displayName="Cursos" />
        <doc xml:lang="ru-ru" title="Курсы, доступные на сайте Coursera" siena:displayName="Курсы" />
        <doc xml:lang="zh-cn" title="Coursera 提供的课程" siena:displayName="Courses" />
        <doc xml:lang="zh-tw" title="Coursera 提供的課程" siena:displayName="Courses" />
        <request>
          <param name="accept" style="header" fixed="application/json" required="true" />
          <param name="fields" style="query" fixed="id,shortName,name,language,largeIcon,photo,previewLink,shortDescription,smallIcon,smallIconHover,universityLogo,universityLogoSt,video,videoId,aboutTheCourse,faq,instructor,estimatedClassWorkload,aboutTheInstructor" required="false" />
        </request>
        <response siena:resultForm="single">
          <representation mediaType="application/json">
            <param style="plain" name="courses" path="/elements" type="coursera:CourseArray" />
          </representation>
        </response>
      </method>
      <method name="GET" id="CourseById">
        <doc siena:displayName="CourseById" title="Search the available courses from Coursera catalog by Id">
          <xh:a href="https://tech.coursera.org/app-platform/catalog/">View additional documentation.</xh:a>
        </doc>
        <doc xml:lang="de-de" title="Die verfügbaren Kurse aus dem Coursera-Katalog nach ID durchsuchen" siena:displayName="KursNachID" />
        <doc xml:lang="es-es" title="Buscar los cursos disponibles en el catálogo de Coursera por id." siena:displayName="CursoPorID" />
        <doc xml:lang="fr-fr" title="Rechercher les cours disponibles dans le catalogue Coursera par ID" siena:displayName="CoursParID" />
        <doc xml:lang="it-it" title="Consente di cercare i corsi disponibili nel catalogo di Coursera in base all'ID" siena:displayName="CorsoPerID" />
        <doc xml:lang="ja-jp" title="Coursera から受講できるコースのカタログを ID 別に検索します" siena:displayName="CourseById" />
        <doc xml:lang="ko-kr" title="ID별로 Coursera 카탈로그에서 사용할 수 있는 과정을 검색합니다." siena:displayName="CourseById" />
        <doc xml:lang="pt-br" title="Pesquisar os cursos disponíveis no catálogo do Coursera por ID" siena:displayName="CursoPorID" />
        <doc xml:lang="ru-ru" title="Поиск доступных курсов в каталоге Coursera по идентификатору" siena:displayName="СборкаКурсов" />
        <doc xml:lang="zh-cn" title="按 ID 从 Coursera 目录搜索可用课程" siena:displayName="CourseById" />
        <doc xml:lang="zh-tw" title="從 Coursera 的目錄依據 ID 搜尋所提供的課程" siena:displayName="CourseById" />
        <request>
          <param name="accept" style="header" fixed="application/json" required="true" />
          <param name="id" style="query" type="xs:string" siena:sampleDefault="23" required="true">
            <doc title="The id of the course." />
            <doc xml:lang="de-de" title="Die ID des Kurses." />
            <doc xml:lang="es-es" title="Id. del curso." />
            <doc xml:lang="fr-fr" title="ID du cours." />
            <doc xml:lang="it-it" title="ID del corso." />
            <doc xml:lang="ja-jp" title="コースの ID。" />
            <doc xml:lang="ko-kr" title="과정 ID입니다." />
            <doc xml:lang="pt-br" title="A ID do curso." />
            <doc xml:lang="ru-ru" title="Идентификатор курса." />
            <doc xml:lang="zh-cn" title="课程的 ID。" />
            <doc xml:lang="zh-tw" title="課程的 ID。" />
          </param>
          <param name="fields" style="query" fixed="id,shortName,name,language,largeIcon,photo,previewLink,shortDescription,smallIcon,smallIconHover,universityLogo,universityLogoSt,video,videoId,aboutTheCourse,faq,instructor,estimatedClassWorkload,aboutTheInstructor" required="false" />
        </request>
        <response siena:resultForm="single">
          <representation mediaType="application/json">
            <param style="plain" name="course" path="/elements" type="coursera:CourseArray" />
          </representation>
        </response>
      </method>
      <method name="GET" id="SearchCourses">
        <doc siena:displayName="SearchCourses" title="Search the available courses from Coursera catalog">
          <xh:a href="https://tech.coursera.org/app-platform/catalog/">View additional documentation.</xh:a>
        </doc>
        <doc xml:lang="de-de" title="Verfügbare Kurse aus dem Coursera-Katalog durchsuchen" siena:displayName="KurseDurchsuchen" />
        <doc xml:lang="es-es" title="Buscar los cursos disponibles en el catálogo de Coursera" siena:displayName="BuscarCursos" />
        <doc xml:lang="fr-fr" title="Rechercher les cours disponibles dans le catalogue Coursera" siena:displayName="RechercherDesCours" />
        <doc xml:lang="it-it" title="Consente di cercare i corsi disponibili nel catalogo di Coursera" siena:displayName="CercaCorsi" />
        <doc xml:lang="ja-jp" title="Coursera から受講できるコースのカタログを検索します" siena:displayName="SearchCourses" />
        <doc xml:lang="ko-kr" title="Coursera 카탈로그에서 사용할 수 있는 과정 검색" siena:displayName="SearchCourses" />
        <doc xml:lang="pt-br" title="Pesquisar os cursos disponíveis no catálogo do Coursera" siena:displayName="PesquisarCursos" />
        <doc xml:lang="ru-ru" title="Поиск доступных курсов в каталоге Coursera" siena:displayName="ПоискКурсов" />
        <doc xml:lang="zh-cn" title="从 Coursera 目录搜索可用课程" siena:displayName="SearchCourses" />
        <doc xml:lang="zh-tw" title="搜尋 Coursera 目錄中所提供的課程" siena:displayName="SearchCourses" />
        <request>
          <param name="accept" style="header" fixed="application/json" required="true" />
          <param name="q" style="query" type="xs:string" fixed="search" required="true" />
          <param name="query" style="query" type="xs:string" siena:sampleDefault="Malware+Underground" required="true">
            <doc title="The search string used to query against the course catalog." />
            <doc xml:lang="de-de" title="Die Suchzeichenfolge zur Abfrage nach Kurskatalog." />
            <doc xml:lang="es-es" title="Cadena de búsqueda usada para realizar una consulta en el catálogo de cursos." />
            <doc xml:lang="fr-fr" title="Chaîne de recherche utilisée pour effectuer une requête dans le catalogue de cours." />
            <doc xml:lang="it-it" title="Stringa di ricerca usata per effettuare ricerche nel catalogo dei corsi." />
            <doc xml:lang="ja-jp" title="コース カタログに対するクエリに使用する検索文字列。" />
            <doc xml:lang="ko-kr" title="과정 카탈로그를 쿼리하는 데 사용되는 검색 문자열입니다." />
            <doc xml:lang="pt-br" title="A cadeia de caracteres de pesquisa usada para consultar o catálogo de cursos." />
            <doc xml:lang="ru-ru" title="Строка поиска для запросов в каталоге курсов." />
            <doc xml:lang="zh-cn" title="用于对课程目录进行查询的搜索字符串。" />
            <doc xml:lang="zh-tw" title="用以查詢課程目錄的搜尋字串。" />
          </param>
          <param name="fields" style="query" fixed="id,shortName,name,language,largeIcon,photo,previewLink,shortDescription,smallIcon,smallIconHover,universityLogo,universityLogoSt,video,videoId,aboutTheCourse,faq,instructor,estimatedClassWorkload,aboutTheInstructor" required="false" />
        </request>
        <response siena:resultForm="single">
          <representation mediaType="application/json">
            <param style="plain" name="courses" path="/elements" type="coursera:CourseArray" />
          </representation>
        </response>
      </method>
    </resource>
    <resource path="universities">
      <method name="GET" id="Universities">
        <doc siena:displayName="Universities" title="Universities offering courses in Coursera">
          <xh:a href="https://tech.coursera.org/app-platform/catalog/">View additional documentation.</xh:a>
        </doc>
        <doc xml:lang="de-de" title="Universitäten mit Coursera-Kursangebot" siena:displayName="Universitäten" />
        <doc xml:lang="es-es" title="Universidades que ofrecen cursos en Coursera" siena:displayName="Universidades" />
        <doc xml:lang="fr-fr" title="Universités offrant des cours sur Coursera" siena:displayName="Universités" />
        <doc xml:lang="it-it" title="Università che offrono corsi in Coursera" siena:displayName="Università" />
        <doc xml:lang="ja-jp" title="Coursera のコースを提供する大学" siena:displayName="Universities" />
        <doc xml:lang="ko-kr" title="Coursera에 과정을 제공하는 대학교" siena:displayName="Universities" />
        <doc xml:lang="pt-br" title="Universidades que oferecem cursos no Coursera" siena:displayName="Universidades" />
        <doc xml:lang="ru-ru" title="Университеты, предлагающие курсы на сайте Coursera" siena:displayName="Университеты" />
        <doc xml:lang="zh-cn" title="在 Coursera 中提供课程的大学" siena:displayName="Universities" />
        <doc xml:lang="zh-tw" title="在 Coursera 中提供課程的大學" siena:displayName="Universities" />
        <request>
          <param name="accept" style="header" fixed="application/json" required="true" />
          <param name="fields" style="query" fixed="id,name,shortName,description,banner,homeLink,location,locationCity,locationState,locationCountry,locationLat,locationLng,classLogo,website,websiteTwitter,websiteFacebook,websiteYoutube,logo,squareLogo,landingPageBanner" required="false" />
        </request>
        <response siena:resultForm="single">
          <representation mediaType="application/json">
            <param style="plain" name="universities" path="/elements" type="coursera:UniversityArray" />
          </representation>
        </response>
      </method>
    </resource>
    <resource path="categories">
      <method name="GET" id="Categories">
        <doc siena:displayName="Categories" title="Categories of courses available from Coursera">
          <xh:a href="https://tech.coursera.org/app-platform/catalog/">View additional documentation.</xh:a>
        </doc>
        <doc xml:lang="de-de" title="Kategorien verfügbarer Kurse aus Coursera" siena:displayName="Kategorien" />
        <doc xml:lang="es-es" title="Categorías de cursos disponibles en Coursera" siena:displayName="Categorías" />
        <doc xml:lang="fr-fr" title="Catégories de cours disponibles sur Coursera" siena:displayName="Catégories" />
        <doc xml:lang="it-it" title="Categorie di corsi disponibili in Coursera" siena:displayName="Categorie" />
        <doc xml:lang="ja-jp" title="Coursera から受講できるコースのカテゴリ" siena:displayName="Categories" />
        <doc xml:lang="ko-kr" title="Coursera에서 사용할 수 있는 과정의 범주" siena:displayName="Categories" />
        <doc xml:lang="pt-br" title="Categorias de cursos disponíveis no Coursera" siena:displayName="Categorias" />
        <doc xml:lang="ru-ru" title="Категории курсов, доступные на сайте Coursera" siena:displayName="Категории" />
        <doc xml:lang="zh-cn" title="Coursera 提供的课程类别" siena:displayName="Categories" />
        <doc xml:lang="zh-tw" title="Coursera 提供之課程分類" siena:displayName="Categories" />
        <request>
          <param name="accept" style="header" fixed="application/json" required="true" />
          <param name="fields" style="query" fixed="id,name,shortName,description" required="false" />
        </request>
        <response siena:resultForm="single">
          <representation mediaType="application/json">
            <param style="plain" name="categories" path="/elements" type="coursera:CategoryArray" />
          </representation>
        </response>
      </method>
      <method name="GET" id="CategoryById">
        <doc siena:displayName="CategoryById" title="Returns a detailed listing of a particular catergory from Coursera by Id">
          <xh:a href="https://tech.coursera.org/app-platform/catalog/">View additional documentation.</xh:a>
        </doc>
        <doc xml:lang="de-de" title="Gibt eine detaillierte Liste zu einer bestimmten Kategorie aus Coursera nach ID aus" siena:displayName="KategorieNachID" />
        <doc xml:lang="es-es" title="Devuelve una lista detallada de una categoría concreta de Coursera por id." siena:displayName="CategoríaPorID" />
        <doc xml:lang="fr-fr" title="Retourne une liste détaillée d'une catégorie particulière de Coursera par ID" siena:displayName="CatégorieParID" />
        <doc xml:lang="it-it" title="Restituisce un elenco dettagliato di una specifica categoria di Coursera in base all'ID" siena:displayName="CategoriaPerID" />
        <doc xml:lang="ja-jp" title="Coursera から特定のカテゴリの詳細な一覧を ID 別に返します" siena:displayName="CategoryById" />
        <doc xml:lang="ko-kr" title="ID별로 Coursera에서 특정 카탈로그의 세부 목록을 반환합니다." siena:displayName="CategoryById" />
        <doc xml:lang="pt-br" title="Retorna uma listagem detalhada de uma categoria especial do Coursera por ID" siena:displayName="CategoriaporID" />
        <doc xml:lang="ru-ru" title="Возвращает подробный список определенной категории Coursera по идентификатору" siena:displayName="СборкаКатегорий" />
        <doc xml:lang="zh-cn" title="按 ID 从 Coursera 返回特定类别的详细列表" siena:displayName="CategoryById" />
        <doc xml:lang="zh-tw" title="從分類依據 ID 傳回特定分類的詳細清單" siena:displayName="CategoryById" />
        <request>
          <param name="accept" style="header" fixed="application/json" required="true" />
          <param name="id" style="query" type="xs:string" siena:sampleDefault="23" required="true">
            <doc title="The id of the category." />
            <doc xml:lang="de-de" title="Die ID der Kategorie." />
            <doc xml:lang="es-es" title="Id. de la categoría." />
            <doc xml:lang="fr-fr" title="ID de la catégorie." />
            <doc xml:lang="it-it" title="ID della categoria." />
            <doc xml:lang="ja-jp" title="カテゴリの ID。" />
            <doc xml:lang="ko-kr" title="범주 ID입니다." />
            <doc xml:lang="pt-br" title="A ID da categoria." />
            <doc xml:lang="ru-ru" title="Идентификатор категории." />
            <doc xml:lang="zh-cn" title="类别的 ID。" />
            <doc xml:lang="zh-tw" title="分類的 ID。" />
          </param>
          <param name="fields" style="query" fixed="id,name,shortName,description" required="false" />
        </request>
        <response siena:resultForm="single">
          <representation mediaType="application/json">
            <param style="plain" name="categorybyid" path="/elements" type="coursera:CategoryArray" />
          </representation>
        </response>
      </method>
    </resource>
    <resource path="instructors">
      <method name="GET" id="Instructors">
        <doc siena:displayName="Instructors" title="Instructors teaching courses available from Coursera">
          <xh:a href="https://tech.coursera.org/app-platform/catalog/">View additional documentation.</xh:a>
        </doc>
        <doc xml:lang="de-de" title="Leiter der in Coursera verfügbare Kurse" siena:displayName="Kursleiter" />
        <doc xml:lang="es-es" title="Profesores que imparten los cursos disponibles en Coursera" siena:displayName="Profesores" />
        <doc xml:lang="fr-fr" title="Instructeurs enseignant des cours disponibles sur Coursera" siena:displayName="Instructeurs" />
        <doc xml:lang="it-it" title="Istruttori dei corsi disponibili in Coursera" siena:displayName="Istruttori" />
        <doc xml:lang="ja-jp" title="Coursera から受講できるコースの講義講師" siena:displayName="Instructors" />
        <doc xml:lang="ko-kr" title="Coursera에서 사용할 수 있는 과정을 교육하는 강사" siena:displayName="Instructors" />
        <doc xml:lang="pt-br" title="Instrutores ministrando cursos disponíveis no Coursera" siena:displayName="Instrutores" />
        <doc xml:lang="ru-ru" title="Лекторы курсов, доступные на сайте Coursera" siena:displayName="Инструкторы" />
        <doc xml:lang="zh-cn" title="教授 Coursera 提供的课程的教师" siena:displayName="Instructors" />
        <doc xml:lang="zh-tw" title="Coursera 提供講師授課的課程" siena:displayName="Instructors" />
        <request>
          <param name="accept" style="header" fixed="application/json" required="true" />
          <param name="fields" style="query" fixed="id,photo,photo150,bio,prefixName,firstName,middleName,lastName,suffixName,fullName,title,department,website,websiteTwitter,websiteFacebook,websiteLinkedin,websiteGplus,shortName" required="false" />
        </request>
        <response siena:resultForm="single">
          <representation mediaType="application/json">
            <param style="plain" name="instructors" path="/elements" type="coursera:InstructorArray" />
          </representation>
        </response>
      </method>
    </resource>
    <resource path="sessions">
      <method name="GET" id="Sessions">
        <doc siena:displayName="Sessions" title="Sessions available from Coursera">
          <xh:a href="https://tech.coursera.org/app-platform/catalog/">View additional documentation.</xh:a>
        </doc>
        <doc xml:lang="de-de" title="In Coursera verfügbare Sitzungen" siena:displayName="Sitzungen" />
        <doc xml:lang="es-es" title="Sesiones disponibles en Coursera" siena:displayName="Sesiones" />
        <doc xml:lang="fr-fr" title="Sessions disponibles sur Coursera" siena:displayName="Sessions" />
        <doc xml:lang="it-it" title="Sessioni disponibili in Coursera" siena:displayName="Sessioni" />
        <doc xml:lang="ja-jp" title="Coursera から受講できるセッション" siena:displayName="Sessions" />
        <doc xml:lang="ko-kr" title="Coursera에서 사용할 수 있는 세션" siena:displayName="Sessions" />
        <doc xml:lang="pt-br" title="Sessões disponíveis no Coursera" siena:displayName="Sessões" />
        <doc xml:lang="ru-ru" title="Сессии, доступные на сайте Coursera" siena:displayName="Сеансы" />
        <doc xml:lang="zh-cn" title="Coursera 提供的会话" siena:displayName="Sessions" />
        <doc xml:lang="zh-tw" title="Coursera 提供的學期" siena:displayName="Sessions" />
        <request>
          <param name="accept" style="header" fixed="application/json" required="true" />
          <param name="fields" style="query" fixed="id,courseId,homeLink,status,active,durationString,startDay,startMonth,startYear,name,signatureTrackCloseTime,signatureTrackOpenTime,eligibleForCertificates,eligibleForSignatureTrack,certificateDescription,certificatesReady" required="false" />
        </request>
        <response siena:resultForm="single">
          <representation mediaType="application/json">
            <param style="plain" name="sessions" path="/elements" type="coursera:SessionArray" />
          </representation>
        </response>
      </method>
    </resource>
  </resources>
</application>